0,1,2,3,4,5,6,7,8,9,10,11,12,13,14,15,16,17,18,19,20,21,22,23,24,25,26,27,28,29,30,31,32,33,34,35,36
0.0,1.0,0.0,0.0,0.0,0.0,0.0,0.0,0.0,0.5,0.0,0.0,-0.15277891,-0.0,0.0,0.5,0.0,0.0,0.0,0.0,0.0,0.0,0.0,0.0,0.0,0.6694719,0.0,0.0,0.0,0.5,0.0,0.0,0.0,0.0,0.0,0.0,1.0
0.0,0.4,0.0,0.0,0.0,0.0,0.0,0.9095134,0.0,0.5,0.0,1.0,0.7961383,0.0,0.0,0.0,0.0,0.0,0.0,0.0,0.0,0.0,0.0,0.0,0.0,0.0,0.0,0.0,0.0,0.0,0.49640256,0.0,0.0,0.0,0.0,0.12557839,0.0
0.0,0.0,0.0,1.0011084,1.0,0.0,0.0,0.6482292,0.0,0.5,0.0,0.0,0.2074786,0.0,0.0,0.0,0.5,0.0,0.0,0.0,0.0,0.0,0.0,0.0,0.0,0.0,0.0,0.0,0.052900225,0.0,0.0,0.0,0.0,0.0,0.0,0.0,0.0
0.42857143,0.0,0.0,0.0,0.5,1.0484421,0.0,0.0,0.0,0.0,0.5,0.0,-0.6117163,0.0,0.0,0.0,0.0,0.0,0.0,0.0,0.0,0.0,0.0,0.0,0.0,0.0,0.0,0.0,0.0,0.5,0.0,0.0,0.0,0.0,0.0,0.23674467,0.0
0.0,0.0,0.0,0.0,0.0,0.8612442,0.0,0.0,0.0,0.0,0.0,0.0,-0.10929268,-0.0,0.0,0.0,0.0,0.0,0.0,0.0,0.0,0.0,0.8716895,0.0,0.0,0.0,0.5081525,0.0,0.32992503,0.5,0.5216344,0.0,0.0,0.0,0.0,0.0,0.0
0.0,1.0,0.0,0.0,0.0,0.0,0.0,0.6784852,0.0,0.0,0.0,0.0,0.27564391,0.0,0.0,1.0,0.0,0.0,0.0,0.0,0.0,0.0,0.85587263,0.0,0.0,0.16944225,0.0,0.0,0.0,0.0,0.0,0.5333333,0.0,0.0,0.0,0.0,0.0
0.2857143,0.0,0.0,0.58851177,0.0,0.58750325,0.0,0.0,0.0,0.0,0.0,0.0,0.09631769,0.0,0.0,0.0,0.0,0.0,0.0,0.0,0.0,0.0,0.0,0.0,0.0,0.0,0.0,0.0,0.0,0.0,0.49243298,0.0,0.0,0.0,0.053563617,0.0,1.0
0.0,0.0,0.0,0.0,1.0,0.0,0.0,0.0,0.6032362,1.0,0.0,0.0,-0.0,0.0,0.0,0.0,0.0,0.0,0.0,0.6043436,0.0,0.82200164,0.0,0.0,0.0,0.2829097,0.4444265,0.0,0.0,0.0,0.0,0.0,0.0,0.0,0.0,0.0,0.0
0.0,0.0,0.0,0.0,0.0,0.0,0.0,0.6657772,0.0,0.0,0.0,0.0,0.2470134,0.0,1.0,0.0,0.5,0.0,0.0,0.0,0.0,0.9472762,0.0,0.0,0.73314863,0.0,0.0,0.0,0.0,0.0,0.0,0.0,0.44717446,0.0,0.0,0.0,0.0
0.0,1.0,0.0,0.0,0.0,0.0,0.0,0.0,0.0,0.0,0.0,0.5,0.0,0.0,0.0,0.0,0.0,0.0,0.0,0.0,0.0,0.0,0.0,0.8630005,0.76687586,0.0,0.0,0.37877056,0.31672284,0.0,0.0,0.0,0.14004913,0.0,0.0,0.0,0.0
0.0,0.0,0.0,0.0,0.0,0.0,1.0,0.0,0.55867827,0.0,0.0,1.0,0.0,0.0,1.0,0.0,0.0,0.0,0.0,0.0,0.0,0.8571054,0.0,0.0,0.0,0.0,0.1854775,-0.0,0.7648997,0.0,0.0,0.0,0.0,0.0,0.0,0.0,0.0
0.0,0.0,0.0,0.0,0.0,1.2329035,0.0,0.0,0.0,0.5,0.0,0.0,0.0,0.0,1.0,0.0,0.0,0.0,0.0,0.0,0.0,0.86670643,0.0,0.0,0.0,0.0,0.2601552,0.0,0.0,0.0,0.64084566,0.0,0.0,0.74217314,0.0,0.0,0.0
0.5714286,0.0,0.0,0.0,0.0,0.0,0.0,0.0,0.0,0.0,1.0,0.0,-0.0,-0.0,0.0,0.0,0.5,0.0,0.0,0.0,0.0,0.0,0.0,0.9118813,0.0,0.0,0.1790329,0.60042256,0.0,0.0,0.0,0.5333333,0.0,0.0,0.0,0.0,0.0
0.0,0.8,0.0,0.0,1.0,0.43476915,1.0,0.0,0.0,0.0,0.0,0.0,0.0,0.0,1.0,0.0,0.5,0.0,0.0,0.0,0.0,0.0,0.0,0.0,0.0,0.0,0.0,0.51223624,0.0,0.0,0.0,0.0,0.0,0.0,0.0,0.0,0.0
0.0,0.0,0.0,0.99755865,0.0,0.0,0.0,0.0,0.0,0.0,1.0,0.0,0.0,0.0,0.0,0.0,0.5,0.0,0.0,0.0,0.0,0.0,0.0,0.8896947,0.0,0.0,0.0,0.0,0.0,0.5,0.0,0.0,0.0,0.74217314,0.0,0.09819194,0.0
0.0,0.0,0.0,0.0,0.0,0.0,0.0,0.79963934,0.0,0.0,0.0,1.0,0.0,-0.0,0.0,0.0,0.5,0.0,0.0,0.0,0.0,0.0,0.0,0.0,0.0,0.0,0.37340102,0.0,0.7146816,0.0,0.0,0.5333333,0.0,0.74217314,0.0,0.0,0.0
0.0,0.0,0.0,0.0,1.0,0.0,0.0,0.0,0.4652757,0.0,0.0,0.0,0.5800732,-0.0,0.0,0.0,0.0,0.0,0.0,0.0,0.0,0.0,0.8844964,0.0,0.0,0.0,0.0,0.0,0.0,0.5,0.0,1.0,0.0,0.0,0.0,0.0,1.0
0.42857143,0.0,0.0,0.0,1.0,0.0,0.0,0.0,0.0,0.0,0.0,0.0,0.0,-0.0,0.0,0.0,0.0,0.0,0.0,0.0,0.0,0.0,0.8716776,0.8280141,0.0,0.0,0.0,0.22012283,0.0,0.0,0.66268826,0.0,0.0,0.0,0.035362918,0.0,0.0
0.0,0.0,0.0,0.43382487,0.0,0.0,0.0,0.0,0.0,0.0,0.0,0.0,-0.0,-0.0,0.0,0.0,0.0,0.0,0.0,0.0,0.0,0.0,0.8476157,0.873415,0.0,0.0,0.0,0.0,0.0,0.0,0.0,0.0,0.14004913,1.0,0.0,0.11520719,1.0
0.0,0.0,0.0,0.0,0.0,0.0,0.0,0.0,0.0,0.0,0.0,0.0,0.0,0.0,1.0,0.0,1.0,0.0,0.0,0.0,0.0,0.0,0.0,0.88342655,0.0,0.0,0.43447554,0.0,0.2032634,0.0,0.66831744,0.0,0.0,0.0,0.0,0.26105216,0.0
0.0,0.0,0.0,0.92133063,0.0,0.0,0.0,0.0,0.587079,0.0,0.5,0.0,0.0,0.0,0.0,0.0,0.0,0.0,0.0,0.0,0.0,0.0,0.0,0.8799815,0.0,0.6158015,0.0,0.0,0.4489749,0.0,0.0,0.0,0.0,0.0,0.035362918,0.0,0.0
0.42857143,0.0,0.0,0.0,0.0,0.0,0.0,0.0,0.0,1.0,0.0,0.0,-0.0,0.0,0.0,0.0,0.0,0.0,0.5776608,0.0,0.0,0.0,0.8305363,0.0,0.0,0.0,0.35040125,0.0,0.0,0.0,0.7010068,0.0,0.0,0.0,0.053563617,0.0,0.0
0.5714286,0.0,0.0,0.0,0.0,0.47398153,1.0,0.5392197,0.0,1.0,0.0,0.0,-0.0,0.0,0.0,0.0,0.0,0.0,0.0,0.0,0.0,0.0,0.0,0.0,0.0,0.0,0.15421975,0.0,0.0,0.0,0.0,0.0,0.0,0.0,0.20956962,0.0,0.0
0.0,0.8,0.0,0.53248775,0.0,0.0,1.0,0.0,0.49986175,0.0,0.0,0.0,0.0,-0.0,0.0,0.5,0.0,0.0,0.0,0.0,0.0,0.0,0.0,0.0,0.0,0.0,0.0,0.0,0.0,0.0,0.0,0.0,0.0,0.74217314,0.035362918,0.0,0.0
0.0,0.6,0.0,0.0,0.0,0.0,0.0,0.0,0.0,0.0,0.0,0.0,0.7922555,0.29272196,0.5,0.5,0.0,0.0,0.0,0.0,0.0,0.0,0.0,0.0,0.0,0.0,0.0,0.0,0.5515832,0.0,0.0,0.0,0.0,0.0,0.0,0.0,1.0
0.0,0.0,0.0,0.0,0.0,0.0,0.0,0.0,0.0,0.5,0.0,0.0,0.4424419,0.0,1.0,1.0,0.0,0.0,0.0,0.0,0.0,0.0,0.0,0.0,0.0,0.41357836,0.0,0.0,0.0,0.5,0.0,0.0,0.0,0.0,0.0,0.0,1.0
0.71428573,0.0,0.0,0.0,0.0,0.0,1.0,0.0,0.0,0.0,0.0,0.0,-0.0,-0.0,0.0,1.0,0.5,0.0,0.0,0.0,0.0,0.8257703,0.0,0.0,0.0,0.0,0.0,0.0,0.0,0.0,0.0,0.5333333,0.0,0.0,0.0,0.11520719,0.0
0.0,0.0,0.0,1.0204986,0.0,0.0,0.0,0.0,0.0,0.5,0.0,0.0,0.036398046,0.0,0.0,0.0,0.0,0.0,0.0,0.0,0.0,0.0,0.0,0.0,0.0,0.46747825,0.5340237,0.0,0.0,0.0,0.0,0.0,0.0,0.0,0.053563617,0.11520719,0.0
0.0,0.0,0.46357617,0.0,0.0,0.0,0.0,0.0,0.0,0.0,0.0,0.0,0.3409846,-0.0,1.0,0.0,0.0,0.0,0.0,0.0,0.0,0.0,0.0,0.0,0.80873924,0.0,0.0,0.0,0.43942252,0.5,0.0,0.5333333,0.0,0.0,0.0,0.0,0.0
0.0,0.8,0.0,0.0,0.0,0.0,0.0,0.0,0.0,0.0,1.0,0.0,0.0,0.0,0.0,0.0,0.0,0.0,0.47846,0.0,0.0,0.7547239,0.0,0.8651316,0.0,0.0,0.47468624,0.0,0.0,0.0,0.0,0.0,0.0,0.0,0.0,0.09819194,0.0
0.2857143,0.0,0.0,0.0,0.5,0.0,0.0,0.0,0.0,0.0,0.0,0.0,0.0,-0.0,1.0,0.0,0.0,0.0,0.0,0.0,0.0,0.0,0.85038614,0.0,0.0,0.4505754,0.42649108,0.0,0.0,0.0,0.0,0.0,0.44717446,0.0,0.0,0.0,0.0
0.71428573,0.0,0.0,0.0,0.0,0.0,0.0,0.87937313,0.0,0.5,0.0,0.0,0.0,-0.0,0.0,0.0,0.0,0.0,0.0,0.0,0.0,0.0,0.0,0.0,0.0,0.579919,0.55596757,0.0,0.0,0.0,0.0,0.5333333,0.14004913,0.0,0.0,0.0,0.0
0.2857143,0.0,0.0,0.0,0.0,0.0,0.0,0.0,0.0,0.0,0.0,0.0,0.0,-0.0,0.0,0.0,0.5,0.0,0.0,0.0,0.0,0.0,0.0,0.9014827,0.0,0.0,0.0,0.0,0.0,0.0,0.0,0.5333333,0.0,0.74217314,0.11986616,0.0,1.0
0.2857143,0.0,0.0,0.94869024,0.0,0.0,0.0,0.0,0.35151863,0.0,0.0,0.0,-0.0,-0.0,1.0,0.0,0.0,0.0,0.0,0.0,0.0,0.0,0.0,0.0,0.0,0.0,0.42541015,-0.0,0.23037359,0.0,0.0,0.0,0.0,0.0,0.0,0.0,1.0
0.42857143,1.0,0.0,0.68643105,0.0,0.0,1.0,0.0,0.0,0.0,1.0,0.0,-0.0,-0.2313183,0.0,0.0,0.0,0.0,0.0,0.0,0.0,0.0,0.0,0.0,0.0,0.0,0.0,0.0,0.0,0.0,0.0,0.5333333,0.0,0.0,0.0,0.0,0.0
0.0,0.8,0.0,0.0,0.0,0.51752037,0.0,0.0,0.0,1.0,0.0,1.0,0.0,0.0,0.0,0.0,0.0,0.0,0.0,0.0,0.0,0.0,0.0,0.0,0.0,0.0,0.0,0.50180864,0.0,0.0,0.0,0.0,0.14004913,0.0,0.0,0.09819194,0.0
0.0,0.0,0.0,0.0,0.0,0.0,0.0,0.0,0.340639,0.0,0.0,1.0,0.0,-0.0,0.0,0.0,0.5,0.0,0.0,0.0,0.0,0.0,0.0,0.0,0.0,-0.064649194,0.40514913,0.0,0.0,0.0,0.5123318,0.0,0.0,0.0,0.035362918,0.0,0.0
0.0,0.0,0.0,0.0,0.0,0.0,0.0,0.0,0.0,0.0,0.0,1.0,0.49630105,0.0,0.0,0.0,0.0,0.0,0.0,0.0,0.0,0.8515597,0.0,0.88713425,0.0,0.40198815,0.0,0.0,0.0,0.0,0.0,0.5333333,0.0,0.74217314,0.0,0.0,0.0
0.2857143,0.0,0.0,0.43793583,0.0,0.0,0.0,0.0,0.45484492,0.0,0.0,0.0,-0.0,-0.0,0.0,0.5,0.0,0.0,0.0,0.0,0.0,0.8619644,0.0,0.0,0.0,0.0,0.0,0.45755655,0.0,0.0,0.0,0.0,0.0,1.0,0.0,0.0,0.0
0.0,1.0,0.0,0.0,1.0,0.0,0.0,0.0,0.0,0.0,0.5,0.0,0.0,0.0,0.0,0.5,0.0,0.48850214,0.0,0.0,0.0,0.0,0.0,0.0,0.0,0.0,0.0,0.0,0.35070574,0.0,0.0,0.0,0.0,0.0,0.035362918,0.0,0.0
0.0,0.0,0.0,0.0,0.0,0.0,0.0,0.0,0.0,0.0,0.0,0.0,-0.0,-0.0,0.5,0.0,0.0,0.0,0.0,0.0,0.0,0.0,0.83398926,0.0,0.86415994,0.0,0.0,0.56992227,0.0,0.0,0.0,0.0,0.0,1.0,0.053563617,0.11520719,0.0
0.0,0.0,0.910596,0.0,1.0,0.90531766,0.0,0.0,0.0,0.0,0.0,0.0,0.37861344,0.0,0.0,1.0,0.0,0.0,0.0,0.0,0.0,0.0,0.0,0.0,0.0,0.0,0.0,0.7675869,0.0,0.0,0.0,0.0,0.14004913,0.0,0.0,0.0,0.0
0.0,0.0,0.0,0.1638629,1.0,0.16392659,0.0,0.0,0.0,0.0,0.0,0.0,-0.0,-0.0,0.5,0.0,0.0,0.0,0.0,0.0,0.0,0.0,0.0,0.835699,0.0,0.0,0.0,0.2549706,0.0,0.0,0.0,0.0,0.0,0.0,0.07921794,0.0,0.0
0.0,0.0,0.0,0.0,0.0,0.65433455,1.0,0.0,0.0,0.0,0.0,0.0,0.44446704,0.0,0.0,0.0,0.0,0.67811596,0.0,0.0,0.62572473,0.0,0.0,0.0,0.0,0.0,0.0,0.0,0.0,0.0,0.66524774,0.0,0.0,0.0,0.0,0.1771913,0.0
0.0,0.0,0.87086093,0.0,0.0,0.0,0.0,0.43001992,0.0,0.0,0.0,0.0,-0.28413546,0.19922467,0.0,0.0,0.0,0.0,0.0,0.0,0.0,0.0,0.0,0.0,0.0,0.0,0.17263749,0.2628757,0.0,0.0,0.0,0.0,0.0,0.0,0.18356861,0.0,0.0
0.5714286,1.0,0.0,0.7180559,0.0,0.0,0.0,0.0,0.0,0.0,0.0,0.0,-0.0,-0.0,0.0,1.0,0.0,0.0,0.0,0.0,0.0,0.8935171,0.0,0.8711953,0.0,0.0,0.0,0.0,0.0,0.0,0.0,0.0,0.44717446,0.0,0.0,0.0,0.0
0.0,0.0,0.0,0.0,0.0,0.0,1.0,0.0,0.0,0.0,0.0,0.0,-0.106145054,0.0,0.0,0.0,0.0,0.0,0.0,0.0,0.0,0.79659086,0.0,0.8858474,0.0,0.0,0.0,0.0,0.377111,0.0,0.55551857,0.0,0.0,0.0,0.053563617,0.0,0.0
0.0,0.0,0.0,0.0,0.0,0.0,0.0,0.0,0.0,0.0,0.0,0.0,0.10956071,0.0,0.0,0.0,0.5,0.0,0.0,0.0,0.0,0.8097358,0.0,0.0,0.0,0.0,0.29423827,0.0,0.0,0.0,0.0,0.5333333,0.0,1.0,0.0,0.11520719,0.0
0.0,0.0,0.0,0.0,0.0,0.0,0.0,0.6625998,0.6530138,0.0,0.0,1.0,0.0,0.0,0.0,0.0,0.0,0.0,0.0,0.0,0.0,0.8662376,0.86583596,0.0,0.0,0.0,0.4857143,0.0,0.0,0.0,0.0,0.0,0.0,0.74217314,0.0,0.0,0.0
0.0,0.0,0.0,0.33441836,0.0,0.0,0.0,0.0,0.0,0.5,1.0,0.0,-0.0,-0.0,0.0,0.5,0.0,0.0,0.0,0.0,0.0,0.0,0.0,0.88421184,0.0,0.0,0.0,0.0,0.0,0.5,0.0,0.0,0.0,0.0,0.20956962,0.0,0.0
0.85714287,0.0,0.0,0.13018955,0.0,0.0,0.0,0.0,0.0,0.5,0.0,0.0,0.0,0.0,0.0,0.5,0.0,0.0,0.0,0.0,0.0,0.0,0.0,0.0,0.0,0.0,0.0,0.15109313,0.0,0.0,0.49162683,0.0,0.0,0.74217314,0.0,0.0,0.0
0.0,0.0,0.0,0.0,1.0,0.0,0.0,0.6972621,0.0,0.5,0.5,0.0,0.0,0.0,0.0,0.0,0.0,0.0,0.0,0.61822814,0.0,0.0,0.0,0.0,0.0,0.0,0.0,0.0,0.0,0.0,0.0,0.5333333,0.0,0.74217314,0.0,0.0,0.0
0.0,0.0,1.0331125,0.0,0.5,0.0,0.0,0.74114156,0.0,0.0,0.0,1.0,0.0,0.2320336,0.0,0.0,0.0,0.0,0.0,0.0,0.0,0.0,0.0,0.0,0.0,0.31197932,0.0,0.17338678,0.0,0.0,0.0,0.0,0.0,0.0,0.0,0.0,0.0
0.0,0.0,0.0,1.0192499,1.0,1.0194021,1.0,0.0,0.0,0.0,0.0,1.0,0.0,0.0,0.0,0.0,0.0,0.0,0.0,0.0,0.0,0.0,0.0,0.0,0.0,0.3855405,0.0,0.0,0.0,1.0,0.0,0.0,0.0,0.0,0.0,0.0,0.0
0.0,0.0,0.75165564,0.0,0.0,0.70445096,0.0,0.0,0.44486043,0.0,0.0,0.0,0.0,-0.0,0.0,0.0,0.0,0.0,0.0,0.0,0.0,0.0,0.8382797,0.0,0.0,0.0,0.38008407,0.48838058,0.0,0.0,0.6724292,0.0,0.0,0.0,0.0,0.0,0.0
0.0,0.0,0.0,0.0,0.0,0.44693244,0.0,0.0,0.0,0.0,0.5,0.0,0.5951376,0.0,0.0,0.0,0.0,0.0,0.0,0.0,0.0,0.0,0.0,0.0,0.0,0.0,0.0,0.4839292,0.0,0.0,0.0,0.0,0.0,0.74217314,0.0,0.09819194,1.0
0.71428573,0.0,0.0,0.43691158,0.0,0.0,0.0,0.0,0.0,0.5,0.0,0.0,-0.0,0.0,0.0,0.0,0.0,0.0,0.0,0.0,0.0,0.0,0.8166468,0.0,0.0,0.6006257,0.0,0.0,0.0,0.0,0.0,0.0,0.5085995,1.0,0.0,0.0,0.0
0.0,0.0,0.0,0.0,0.0,0.0,0.0,0.0,0.0,0.0,0.0,1.0,0.14307787,0.0,0.0,0.5,1.0,0.0,0.0,0.0,0.0,0.0,0.0,0.0,0.0,0.0,0.35634875,0.0,0.0,0.0,0.0,0.0,0.0,0.74217314,0.0,0.19299117,0.0
0.0,0.0,0.91721857,0.0,0.0,0.0,0.0,0.0,0.0,0.0,0.5,0.0,-0.0,0.0,0.0,0.0,0.5,0.0,0.0,0.0,0.0,0.8393154,0.0,0.8720027,0.0,0.35266057,0.0,0.0,0.0,0.0,0.0,0.0,0.0,1.0,0.0,0.0,0.0
0.0,0.0,0.0,0.2656546,0.0,0.0,1.0,0.0,0.0,1.0,0.0,0.0,-0.0,0.0,0.5,0.0,0.0,0.0,0.0,0.0,0.0,0.0,0.0,0.0,0.0,0.0,0.0,0.0,0.0,1.0,0.0,0.0,0.14004913,1.0,0.0,0.0,0.0
0.0,1.0,0.0,0.0,0.0,0.0,1.0,0.71500504,0.0,0.0,0.0,0.0,0.0,0.1857088,0.0,0.0,0.5,0.0,0.0,0.0,0.0,0.0,0.0,0.0,0.0,0.0,0.0,0.20222118,0.0,0.0,0.7402106,0.0,0.0,0.0,0.0,0.0,0.0
1.0,0.0,0.23841059,0.0,0.0,0.0,0.0,0.0,0.0,0.0,0.0,0.5,-0.0,0.0,0.0,0.0,0.0,0.0,0.0,0.0,0.0,0.0,0.0,0.8682528,0.0,0.55972016,0.1813252,0.0,0.0,0.0,0.0,0.0,0.0,0.0,0.0,0.13919058,0.0
0.0,0.8,0.0,0.5250937,0.0,0.5238588,0.0,0.0,0.0,0.0,0.0,0.0,-0.29478368,0.0,0.0,0.5,0.0,0.0,0.0,0.0,0.0,0.0,0.0,0.0,0.0,0.0,0.0,0.0,0.0,0.5,0.0,0.0,0.0,0.0,0.0,0.11520719,0.0
0.0,1.0,0.0,0.0,0.0,0.0,0.0,0.0,0.45646402,0.5,0.0,0.0,-0.0,-0.0,0.0,0.0,0.0,0.0,0.0,0.0,0.0,0.86985004,0.0,0.9086889,0.0,0.0,0.44258174,0.0,0.0,0.0,0.0,0.0,0.0,0.0,0.0,0.11520719,0.0
0.0,0.0,0.0,0.0,0.0,0.0,0.0,0.0,0.0,0.0,0.0,0.0,0.0,0.0,0.5,0.0,0.0,0.0,0.0,0.0,0.0,0.8794324,0.0,0.0,0.0,0.0,0.0,0.7082006,0.7916315,0.0,0.7535407,0.0,0.14004913,0.0,0.053563617,0.0,0.0
0.71428573,0.0,0.0,0.0,0.0,0.0,0.0,0.0,0.0,0.0,0.0,1.0,0.0,0.0,0.0,1.0,0.0,0.0,0.0,0.0,0.0,0.0,0.0,0.89922327,0.0,0.0,0.1787357,0.0,0.0,0.5,0.0,0.0,0.14004913,0.0,0.0,0.0,0.0
0.0,0.0,0.0,0.0,1.0,0.03638436,0.0,0.0,0.0,0.0,0.0,0.5,-0.0,0.0,0.0,0.0,0.0,0.0,0.0,0.0,0.0,0.86739767,0.0,0.0,0.0,0.46579373,0.0,0.0,0.0,0.5,0.0,0.0,0.0,0.0,0.098632015,0.0,0.0
0.0,0.0,0.0,0.0,0.0,0.0,0.0,0.5099171,0.0,0.0,0.0,0.0,-0.0,0.25861186,0.0,0.0,0.5,0.0,0.0,0.0,0.0,0.0,0.0,0.0,0.77294207,0.0,0.0,0.6451682,0.33450264,0.0,0.0,0.0,0.0,1.0,0.0,0.0,0.0
0.0,0.0,0.0,0.8838831,0.0,0.0,0.0,0.0,0.0,0.0,0.0,0.0,-0.0,0.0,0.0,1.0,0.0,0.0,0.0,0.0,0.0,0.0,0.0,0.931347,0.0,0.3855673,0.0,0.68869007,0.0,0.0,0.61494315,0.0,0.0,1.0,0.0,0.0,0.0
0.85714287,0.0,0.0,0.4007408,0.0,0.0,0.0,0.3768245,0.0,0.0,0.0,0.0,-0.0,0.0,0.0,0.5,0.0,0.0,0.0,0.0,0.0,0.0,0.0,0.0,0.0,0.0,0.48265222,0.0,0.0,0.0,0.0,0.0,0.0,0.0,0.0,0.26105216,1.0
0.0,0.0,0.60596025,0.0,0.0,0.0,1.0,0.0,0.0,0.5,0.0,0.0,0.0,-0.0,0.0,0.0,0.0,0.0,0.0,0.0,0.0,0.84508777,0.0,0.86064196,0.8741699,0.0,0.5803637,0.0,0.0,0.0,0.0,0.0,0.0,0.0,0.0,0.0,0.0
0.85714287,0.0,0.0,0.0,0.0,0.0,0.0,0.0,0.0,0.0,0.0,0.0,-0.0,0.0,0.0,0.0,0.0,0.0,0.0,0.0,0.0,0.0,0.0,0.8386359,0.0,0.0,0.0,0.268288,0.0,0.0,0.71334374,0.5333333,0.0,0.0,0.0,0.11520719,1.0
0.0,0.0,0.0,0.010915775,0.0,0.0,0.0,0.0,0.0,0.0,0.0,0.0,0.8813598,-0.0,0.0,1.0,0.5,0.0,0.0,0.0,0.0,0.0,0.0,0.0,0.0,0.0,0.0,0.0,0.0,1.0,0.0,1.0,0.0,0.0,0.064657375,0.0,0.0
0.0,0.0,0.0,0.0,0.0,0.0,1.0,0.0,0.0,0.0,0.0,0.0,0.0,-0.0,0.5,0.0,0.0,0.0,0.0,0.0,0.0,0.0,0.0,0.0,0.0,0.0,0.45011136,0.3882838,0.0,0.5,0.0,0.0,0.14004913,0.0,0.0,0.09819194,0.0
0.5714286,0.0,0.0,0.0,0.0,0.0,1.0,0.7265627,0.0,0.0,0.0,1.0,0.38395986,-0.0,0.0,1.0,0.0,0.0,0.0,0.0,0.0,0.0,0.0,0.0,0.0,0.0,0.0,0.0,0.0,0.0,0.5763804,0.0,0.0,0.0,0.0,0.0,0.0
0.0,1.0,0.0,0.0,0.0,0.73157746,0.0,0.0,0.0,0.0,0.0,0.0,0.0,-0.0,1.0,1.0,0.0,0.0,0.0,0.0,0.0,0.0,0.0,0.0,0.0,0.0,0.31627688,0.0,0.0,0.0,0.0,0.0,0.14004913,0.0,0.035362918,0.0,0.0
0.0,0.0,0.0,0.035974354,0.0,0.0,0.0,0.0,0.0,0.0,0.0,0.0,0.0,0.0,1.0,0.0,0.0,0.0,0.0,0.0,0.0,0.77552456,0.0,0.0,0.0,0.09567049,0.0,0.0,0.0,0.0,0.62461674,0.0,0.11274911,0.0,0.064657375,0.0,0.0
0.0,0.0,0.0,0.0,0.0,0.0,0.0,0.0,0.0,0.5,0.0,0.5,0.0,-0.0,1.0,0.0,0.5,0.0,0.0,0.0,0.0,0.8594047,0.83313245,0.0,0.0,0.0,0.0,0.2789961,0.0,0.0,0.0,0.0,0.0,0.0,0.0,0.0,0.0
0.0,0.0,0.0,0.0,0.0,0.0,1.0,0.5532721,0.51678324,0.0,0.5,0.5,-0.0,-0.0,1.0,0.0,0.0,0.0,0.0,0.0,0.0,0.0,0.0,0.0,0.0,0.0,0.0,0.0,0.52472407,0.0,0.0,0.0,0.0,0.0,0.0,0.0,0.0
0.0,0.0,0.07615894,0.0,0.0,0.038445573,0.0,0.0,0.0,0.0,0.0,0.0,-0.0,-0.0,0.0,0.0,0.5,0.0,0.0,0.0,0.0,0.0,0.0,0.0,0.7923984,0.0,0.22424567,0.21960197,0.0,0.0,0.0,0.0,0.0,0.0,0.0,0.15734018,0.0
0.0,0.8,0.0,0.59300154,0.0,0.0,0.0,0.0,0.0,0.0,0.0,0.0,0.26247898,0.0,0.0,0.0,0.0,0.0,0.0,0.0,0.0,0.0,0.0,0.0,0.86145264,0.0,0.0,0.50981325,0.5939235,0.0,0.0,0.0,0.0,0.0,0.0,0.0,1.0
0.0,0.0,0.0,0.0,0.0,0.0,0.0,0.0,0.535959,0.0,0.0,0.0,0.0,-0.0,0.0,0.5,0.0,0.0,0.0,0.0,0.0,0.0,0.0,0.0,0.0,0.0,0.0,0.0,0.60944515,0.0,0.0,0.5333333,0.14004913,0.74217314,0.0,0.0,1.0
0.0,0.0,0.0,0.0,0.0,0.0,1.0,0.0,0.503894,0.0,0.5,0.0,0.0,-0.0,0.0,0.0,0.5,0.0,0.0,0.0,0.0,0.0,0.0,0.0,0.0,0.47918934,0.0,0.0,0.0,0.0,0.5774357,0.5333333,0.0,0.0,0.0,0.0,0.0
0.0,0.0,0.0,0.0,0.0,0.0,0.0,0.0,0.0,0.5,0.0,0.0,-0.05956787,-0.0,0.0,0.5,0.0,0.0,0.0,0.0,0.0,0.8639896,0.0,0.0,0.0,0.0,0.0,0.0,0.0,0.0,0.651229,0.0,0.0,1.0,0.0,0.0,1.0
0.5714286,1.0,0.0,0.0,0.0,0.0,0.0,0.0,0.53635913,0.0,0.0,0.0,0.0,-0.0,0.0,0.0,0.0,0.0,0.0,0.0,0.0,0.0,0.0,0.0,0.0,0.0,0.0,0.0,0.60816455,0.5,0.7619282,0.0,0.0,0.74217314,0.0,0.0,0.0
0.71428573,0.0,0.0,0.0,0.0,0.0,0.0,0.66855866,0.4479285,0.0,0.0,1.0,0.0,-0.0,0.0,0.0,0.0,0.0,0.0,0.0,0.0,0.0,0.0,0.0,0.0,0.0,0.0,0.0,0.5112604,0.0,0.6654683,0.0,0.0,0.0,0.0,0.19299117,0.0
0.0,1.0,0.0,0.0,0.0,0.0,0.0,0.0,0.0,0.5,0.0,0.0,-0.53593165,0.0,0.0,0.5,0.0,0.0,0.0,0.0,0.0,0.0,0.0,0.0,0.0,0.0,0.0,0.0,0.0,0.0,0.0,0.5333333,0.14004913,0.0,0.053563617,0.0,0.0
0.0,0.0,0.0,0.0,1.0,0.0,0.0,0.0,0.0,1.0,0.0,0.5,-0.0,-0.0,0.0,0.0,1.0,0.0,0.0,0.0,0.0,0.0,0.0,0.0,0.0,0.0,0.0,0.35131684,0.11400706,0.0,0.0,0.0,0.0,0.0,0.0,0.11520719,0.0
0.0,0.0,0.0,0.0,0.0,0.54213536,0.0,0.0,0.0,0.5,0.0,0.0,0.0,-0.0,1.0,0.0,0.0,0.0,0.0,0.0,0.0,0.8781707,0.0,0.8601379,0.0,0.0,0.0,0.0,0.0,0.0,0.0,0.5333333,0.0,0.0,0.0,0.0,1.0
0.0,0.0,0.589404,0.0,0.0,0.0,0.0,0.0,0.0,0.0,0.0,0.0,0.04423005,0.0,0.0,0.0,0.0,0.0,0.0,0.0,0.0,0.0,0.81716424,0.0,0.8351995,0.0,0.2991427,0.0,0.0,1.0,0.0,0.0,0.0,0.0,0.053563617,0.0,0.0
0.0,0.0,0.0,0.0,0.0,0.0,0.0,0.0,0.0,0.5,0.0,0.0,0.0,-0.0,0.5,1.0,0.5,0.0,0.0,0.0,0.0,0.0,0.0,0.0,0.898206,0.0,0.0,0.0,0.0,0.0,0.0,0.0,0.5085995,0.0,0.20956962,0.0,0.0
0.0,0.0,0.5397351,0.0,0.0,0.0,1.0,0.0,0.0,0.0,0.0,1.0,0.0,0.0,0.0,0.0,0.0,0.0,0.0,0.0,0.0,0.0,0.0,0.0,0.0,0.0,0.46377254,0.0,0.82788414,0.0,0.0,0.0,0.0,0.74217314,0.035362918,0.0,0.0
0.0,0.8,0.4834437,0.0,0.0,0.0,0.0,0.0,0.66642386,0.0,1.0,0.0,0.0,0.0,0.0,0.0,0.0,0.0,0.0,0.0,0.0,0.0,0.0,0.0,0.0,0.0,0.0,0.0,0.0,0.5,0.55989367,0.5333333,0.0,0.0,0.0,0.0,0.0
0.0,0.0,0.0,0.61780757,0.0,0.0,0.0,0.0,0.0,0.0,0.0,0.0,-0.0,-0.06653399,1.0,0.0,0.0,0.0,0.0,0.0,0.0,0.0,0.0,0.0,0.0,-0.13727054,0.0,0.0,0.0,0.5,0.0,0.0,0.0,1.0,0.0,0.11520719,0.0
0.0,1.0,0.0,0.0,1.0,0.0,1.0,0.0,0.0,0.0,0.0,0.0,0.0,-0.0033876998,0.0,0.0,0.0,0.0,0.0,0.0,0.0,0.0,0.0,0.0,0.0,0.0,0.13938299,0.0,0.30529281,0.0,0.0,0.0,0.0,1.0,0.0,0.0,0.0
0.0,0.0,0.0,0.6507093,0.0,0.0,1.0,0.0,0.0,0.0,0.0,0.0,-0.0,-0.0,0.0,0.0,1.0,0.0,0.0,0.0,0.0,0.0,0.0,0.0,0.0,0.4606814,0.0,0.0,0.0,0.5,0.0,0.5333333,0.0,1.0,0.0,0.0,0.0
0.0,0.8,0.0,0.0,0.0,0.0,0.0,0.0,0.0,0.0,0.0,0.0,0.0,-0.0,0.5,0.0,0.0,0.0,0.0,0.0,0.0,0.7997275,0.0,0.0,0.78040326,0.0,0.0,0.0,0.0,0.0,0.0,0.5333333,0.14004913,0.74217314,0.0,0.0,0.0
0.5714286,0.0,0.0,0.0,0.0,0.0,1.0,0.6454465,0.6242422,0.0,0.0,0.0,0.0,0.18238717,0.0,0.0,0.0,0.0,0.0,0.0,0.0,0.0,0.7983632,0.0,0.0,0.0,0.22707346,0.0,0.0,0.0,0.0,0.0,0.0,0.0,0.0,0.0,0.0
0.0,0.0,0.0,0.56473,1.0,0.0,0.0,0.0,0.0,0.0,0.0,0.0,-0.0,-0.0,1.0,1.0,0.0,0.0,0.0,0.0,0.0,0.8797248,0.77727973,0.0,0.0,0.0,0.0,0.0,0.0,0.0,0.4390484,0.0,0.0,0.0,0.0,0.0,0.0
0.0,1.0,0.0,0.0,1.0,0.0,0.0,0.0,0.41338673,0.0,0.0,0.5,-0.0,-0.0,0.0,0.0,0.0,0.0,0.0,0.0,0.0,0.0,0.0,0.8850703,0.7940256,0.0,0.0,0.0,0.0,0.0,0.0,0.0,0.14004913,0.0,0.0,0.0,0.0
0.0,0.0,0.0,0.0,0.0,0.0,0.0,0.0,0.54906726,0.0,1.0,0.0,0.0,0.0,0.0,0.0,0.0,0.0,0.0,0.0,0.0,0.0,0.0,0.0,0.0,0.2038476,0.417537,0.0,0.0,0.5,0.0,0.5333333,0.14004913,0.0,0.0,0.0,0.0
0.0,1.0,0.0,0.0,0.0,0.0,0.0,0.0,0.0,0.0,1.0,0.5,-0.0,0.0,1.0,0.5,0.0,0.0,0.0,0.0,0.0,0.0,0.0,0.0,0.0,0.0,0.0,0.0,0.32859683,0.5,0.0,0.0,0.0,0.0,0.0,0.0,0.0
0.0,1.0,1.142384,0.0,0.0,0.0,0.0,0.0,0.49289554,1.0,0.0,0.0,0.0,-0.103410505,0.0,0.0,0.0,0.0,0.0,0.0,0.0,0.8331167,0.0,0.0,0.0,0.0,0.0,0.0,0.0,0.0,0.58991075,0.0,0.0,0.0,0.0,0.0,0.0
0.0,0.8,0.0,0.0,1.0,0.0,0.0,0.0,0.0,0.0,0.0,0.0,0.13355377,-0.0,0.0,0.0,0.0,0.0,0.0,0.0,0.0,0.0,0.83628345,0.0,0.0,0.0,0.0,0.54696274,0.0,0.0,0.0,0.5333333,0.0,0.0,0.035362918,0.0,0.0
0.0,0.0,0.0,0.0,1.0,0.0,0.0,0.0,0.6727785,0.0,0.0,0.0,-0.0,0.28799745,1.0,0.0,0.0,0.0,0.0,0.0,0.0,0.0,0.0,0.0,0.0,0.0,0.0,0.26527926,0.0,0.0,0.0,0.0,0.14004913,0.0,0.0,0.11520719,0.0
0.0,0.0,0.0,0.0,0.0,0.0,0.0,0.5097576,0.0,0.0,0.0,0.0,-0.0,0.0,0.0,0.0,0.0,0.0,0.0,0.0,0.0,0.8690559,0.0,0.0,0.8359854,0.0,0.0,0.5242096,0.0,0.5,0.0,0.0,0.0,1.0,0.0,0.0,1.0
0.0,0.8,0.0,0.0,0.0,0.0,0.0,0.0,0.0,0.0,0.0,0.0,0.0,-0.0,0.5,0.0,1.0,0.0,0.0,0.0,0.0,0.91043204,0.0,0.0,0.7600113,0.0,0.0,0.0,0.0,0.0,0.0,0.0,0.14004913,0.0,0.0,0.09819194,0.0
0.0,0.0,0.0,0.0,0.0,0.0,0.0,0.3902074,0.0,0.0,0.0,0.0,-0.3738309,-0.0,0.0,0.0,0.0,0.0,0.27443883,0.0,0.0,0.84882826,0.7404589,0.0,0.0,0.0,0.0,0.0,0.0,0.0,0.0,0.0,0.0,0.0,0.20956962,0.26105216,0.0
0.0,0.0,0.0,0.0,0.0,0.0,0.0,0.0,0.5262415,0.0,0.0,0.0,-0.0,-0.0,0.0,1.0,0.5,0.0,0.0,0.0,0.0,0.0,0.0,0.0,0.7540675,0.0,0.0,0.0,0.0,0.0,0.445428,0.0,0.44717446,0.0,0.0,0.23674467,0.0
0.5714286,1.0,0.0,0.87330407,0.0,0.0,0.0,0.0,0.0,0.0,0.0,0.0,0.0,0.0,1.0,1.0,0.0,0.0,0.0,0.0,0.0,0.0,0.0,0.878713,0.0,0.0,0.0,0.0,0.0,0.0,0.0,0.0,0.14004913,0.0,0.0,0.0,0.0
0.0,0.0,0.0,0.0,0.0,0.0,0.0,0.0,0.0,0.5,0.0,0.0,-0.0,-0.0,0.0,0.0,0.5,0.0,0.0,0.0,0.0,0.0,0.0,0.0,0.8467784,0.0,0.3456285,0.0,0.0,0.0,0.0,0.5333333,0.0,1.0,0.053563617,0.0,0.0
0.0,0.0,0.0,0.39075106,0.0,0.0,1.0,0.0,0.0,0.0,0.0,0.0,0.0,0.0,1.0,0.0,0.0,0.0,0.0,0.0,0.0,0.8048308,0.8474749,0.0,0.0,0.0,0.41533136,0.0,0.35695726,0.0,0.0,0.0,0.0,0.0,0.0,0.0,0.0
0.0,0.0,0.0,0.54198647,0.0,0.54093945,0.0,0.35821494,0.0,0.0,0.0,0.0,-0.0,0.0,0.0,0.0,0.0,0.0,0.0,0.0,0.0,0.87749577,0.0,0.9534044,0.0,0.5064754,0.0,0.0,0.0,0.0,0.0,0.0,0.0,1.0,0.0,0.0,0.0
0.0,0.0,0.0,0.91839826,0.0,0.91865575,0.0,0.0,0.0,0.5,0.5,0.0,0.0,-0.045643922,0.0,0.0,0.0,0.0,0.0,0.0,0.0,0.0,0.0,0.91586685,0.0,0.0,-0.0,0.61849475,0.0,0.0,0.0,0.0,0.0,0.0,0.0,0.0,0.0
0.5714286,0.0,0.0,0.0,1.0,0.5887977,1.0,0.0,0.0,0.0,0.0,0.0,0.0,0.0,0.0,1.0,0.0,0.0,0.0,0.0,0.0,0.0,0.0,0.0,0.0,0.0,0.0,0.0,0.0,0.0,0.0,0.0,0.0,1.0,0.0,0.11520719,0.0
0.0,0.0,0.0,0.0,0.0,0.0,0.0,0.0,0.61241484,0.0,0.0,0.0,0.0,0.0,0.5,0.0,0.0,0.0,0.0,0.0,0.0,0.0,0.8879626,0.0,0.0,0.0,0.5705313,0.0,0.5589216,0.0,0.0,0.0,0.14004913,0.74217314,0.0,0.0,0.0
0.0,0.0,0.0,0.0,0.0,0.0,1.0,0.59907633,0.0,0.0,0.0,0.0,0.0,-0.07748264,0.0,1.0,0.0,0.0,0.0,0.0,0.0,0.8390872,0.0,0.0,0.7781212,0.35174128,0.0,0.0,0.0,0.0,0.0,0.0,0.0,0.0,0.0,0.0,0.0
0.0,0.0,0.0,0.0,0.0,0.0,0.0,0.0,0.0,0.0,0.0,0.0,0.0,0.0,0.0,0.0,1.0,0.0,0.0,0.0,0.0,0.0,0.86669624,0.8750639,0.84492236,0.0,0.0,0.0,0.0,0.0,0.0,0.0,0.44717446,0.0,0.18356861,0.23674467,0.0
0.0,0.0,0.7549669,0.0,0.0,0.71337116,0.0,0.0,0.0,1.0,0.0,0.0,-0.0,0.0,0.0,0.0,0.0,0.0,0.0,0.0,0.0,0.8518637,0.0,0.0,0.0,0.0,0.0,0.7373614,0.0,0.0,0.0,0.0,0.0,0.0,0.18356861,0.23674467,0.0
0.5714286,0.0,0.0,0.0,0.0,0.0,1.0,0.0,0.0,0.0,0.5,0.0,0.0,0.036261167,0.0,0.0,0.0,0.0,0.0,0.0,0.0,0.76500905,0.0,0.86402625,0.0,0.0,0.0,0.0,0.0,0.0,0.0,0.0,0.0,0.0,0.0,0.09819194,0.0
0.0,0.0,0.0,0.0,0.0,0.0,0.0,0.0,0.0,0.0,0.5,1.0,0.0,-0.0,0.0,0.0,0.5,0.0,0.0,0.0,0.0,0.8263302,0.0,0.8851201,0.0,0.0,0.0,0.0,0.0,0.0,0.0,1.0,0.0,0.0,0.064657375,0.0,0.0
0.0,0.0,0.0,0.0,0.0,0.0,0.0,0.0,0.0,0.0,1.0,0.0,0.6773285,0.0,0.0,0.0,0.5,0.0,0.0,0.0,0.0,0.0,0.0,0.0,0.0,0.57555103,0.0,0.10892612,0.2753602,0.0,0.0,0.0,0.0,0.0,0.0,0.0,1.0
0.0,0.0,0.0,0.0,0.0,0.0,0.0,0.5240097,0.0,0.0,0.0,0.0,-0.0,0.0,0.0,0.0,1.0,0.0,0.5831237,0.0,0.0,0.0,0.0,0.0,0.0,0.0,0.0,0.0,0.0,0.0,0.0,0.0,0.0,1.0,0.053563617,0.11520719,1.0
0.42857143,0.0,0.0,0.0,0.0,0.0,0.0,0.77608544,0.0,0.0,0.5,0.0,0.0,0.0,0.0,0.0,0.0,0.0,0.0,0.0,0.0,0.0,0.0,0.0,0.0,0.0,0.0,0.0,0.0,0.0,0.6179552,0.0,0.14004913,0.74217314,0.0,0.0,1.0
0.0,0.0,0.0,0.0,0.0,0.0,1.0,0.0,0.5236309,0.5,0.0,1.0,0.0,-0.0,0.5,0.0,0.0,0.0,0.0,0.0,0.0,0.0,0.0,0.0,0.0,0.0,0.0,0.40664423,0.0,1.0,0.0,0.0,0.0,0.0,0.0,0.0,0.0
0.0,0.0,0.0,0.0,0.0,0.0,0.0,0.0,0.5175002,0.5,0.0,0.0,-0.0,-0.0,0.0,0.0,0.0,0.0,0.0,0.0,0.0,0.0,0.8168112,0.90853965,0.0,0.0,0.0,0.5852693,0.0,0.0,0.0,0.0,0.0936391,0.0,0.07921794,0.0,0.0
0.0,0.0,0.0,0.5884697,0.0,0.0,0.0,0.0,0.0,0.0,0.0,0.0,-0.0,-0.0,0.0,0.0,0.0,0.0,0.0,0.0,0.0,0.0,0.0,0.0,0.8207486,0.0,0.0,0.0,0.4746216,0.5,0.0,0.5333333,0.0,1.0,0.0,0.11520719,0.0
1.0,0.0,0.0,0.5646879,0.0,0.0,0.0,0.0,0.0,0.0,0.0,0.0,-0.0,0.0,0.5,0.5,1.0,0.0,0.0,0.0,0.0,0.0,0.0,0.0,0.0,0.4350514,0.0,0.0,0.0,0.0,0.0,0.5333333,0.0,0.0,0.0,0.0,0.0
