X_tilde,Y,X,Z
2.672012766,1.020366969,-0.051723596,0
0.113459174,1.822320908,NA,1
0.238492521,0.05697171,-1.180251926,0
0.464510345,2.56591577,NA,1
-2.372231821,2.794627063,NA,1
-4.548963166,-2.727211168,-1.864784215,0
0.990278749,1.856374007,1.032021372,1
2.573055053,0.9524016,NA,0
-2.502693552,-0.122850052,NA,0
-1.591619452,1.670260349,0.492060036,1
1.713897367,2.9955852,0.915127547,0
-0.108460413,2.052247486,0.372984947,1
0.988373244,1.388699603,1.518248134,0
2.166817647,2.136407993,0.634509976,1
-1.633714835,-1.494453431,NA,0
-0.716411848,2.720247243,1.082675436,1
0.287865478,2.126998447,0.410828748,0
-1.080658749,4.029513704,1.247224841,1
-2.936365665,-1.154036227,-0.533511623,0
-4.417042316,-0.849596556,-1.463005314,0
-1.82924226,2.046636796,0.359493726,1
1.038731767,3.249724387,1.111433905,1
1.777805755,1.952115871,-0.571363373,1
-1.84046471,0.603917908,-1.477070272,0
2.509354908,3.14588137,0.498337346,1
2.0003204,3.798738017,0.290246154,1
2.843411513,3.506221619,0.459612113,1
-2.029618123,3.285894166,1.8706949,1
4.202057506,6.969154968,3.7255804,1
1.848112743,2.611215907,0.422982144,0
0.281017907,-0.413953125,-0.523693152,0
4.401419022,1.948915281,1.677229404,0
0.269670004,2.980974232,1.254503309,1
0.740591497,3.343536662,0.99948035,1
-0.164910918,0.86591831,NA,1
1.242324179,3.181847345,0.007890097,1
-4.257385086,2.116071996,-1.031747249,1
2.190863878,2.263195931,-1.199048994,1
-1.757068797,3.045072708,0.563416147,0
-0.931257471,0.499225788,-0.109904004,0
1.297695303,0.775739865,-0.295211412,0
-1.493516918,1.325994119,0.450758193,1
1.628917136,1.553925569,NA,1
2.427229957,2.96302265,NA,0
0.358244101,1.66132344,-0.737010562,0
4.582756966,0.626403336,1.40704676,0
-2.754908038,0.546142543,-0.298213241,1
-1.719501842,1.411330533,-0.373709238,0
1.650156181,2.350070294,0.234091505,0
-0.049524656,-1.158008972,-1.117147216,0
-1.671894578,2.35067405,0.241193629,1
0.171149354,-1.570645877,-1.06841289,1
0.183635283,2.743470398,0.982181839,0
-1.882702625,4.246606292,0.397199759,1
3.367499409,2.467065598,1.674931877,0
0.161942315,1.137500105,NA,1
1.160001078,2.326742955,NA,0
-1.113240517,2.092861583,-0.544488846,1
-0.938098538,2.191221546,-0.267767005,0
2.715487339,0.583607976,NA,1
2.847409692,1.911220031,0.338604813,1
-2.130002639,-0.018650117,-1.402482494,1
0.281768028,-0.262488137,-0.432364387,1
-1.693997002,1.709064356,NA,1
-1.599683513,1.654945565,-0.546798993,1
2.579025083,3.359601872,NA,0
4.621789519,3.269331972,1.668310099,1
1.163873895,3.513996556,1.355580791,1
-2.389114506,0.833245567,0.724516016,0
-0.552421984,1.359161846,0.732058094,0
-1.321674585,2.719419794,NA,0
0.35795518,3.033448887,1.122003424,0
-1.291242541,0.02103789,NA,0
1.519870462,2.980810405,-0.15478784,0
3.898901517,3.441035555,1.099900046,1
2.136598085,1.406248021,0.89743189,0
0.232571309,1.236446501,-0.22551937,1
0.149139254,1.26750656,0.782920073,0
-2.11245823,-0.539866348,NA,0
-0.907089075,0.554363734,-0.206668466,0
0.963312252,-0.336576272,-0.40546937,0
-0.65215734,1.482827879,-0.343551864,1
-0.540817622,2.449229886,0.47310147,1
-0.465842904,1.151125612,0.456592342,0
-1.016641918,2.004634457,0.666856707,0
-0.995295649,2.08830794,-1.205260908,0
0.514642851,0.684330311,-0.485865896,0
0.00455292,2.307826287,1.780696484,1
0.634139288,4.121354232,NA,1
6.757848396,2.172524328,2.040876873,0
2.673633359,4.892040283,0.678388286,1
-1.320532135,1.115309935,-0.650404826,0
-1.05035816,-0.476218384,0.568189114,0
1.042265261,4.438028898,NA,1
2.637304519,1.630079585,0.054308549,1
2.106664429,1.869960537,1.329438159,0
2.076404883,2.615781268,-0.138045887,1
-0.618719925,3.969403557,0.569779651,1
1.572350731,1.265253858,-0.600498087,0
1.283370087,-0.12929469,-1.377618717,1
-3.175478461,-1.122567197,-0.156009724,0
2.095046759,1.128858804,0.644922478,1
-3.553562534,0.850298585,-0.520053833,0
0.740690695,3.095408755,NA,1
1.417537366,0.031463615,-0.466594012,1
-1.432870949,0.245015561,-1.057410482,0
1.647914796,3.462012741,1.404942353,1
-1.531283994,0.332901184,-0.289027127,0
-0.455731386,-0.448738958,-0.15884975,0
3.338674854,4.136775294,1.4083944,1
2.30606532,0.685249522,NA,1
-1.372930954,0.990247764,-1.059347814,0
0.905579907,2.533612319,0.97661801,1
0.126265752,1.722172357,2.001448739,0
-3.142178628,0.777171812,NA,0
-0.489212357,0.932117596,-0.52372299,1
0.123831355,4.305837311,1.97487958,1
-1.960115924,0.733871808,-1.284460939,0
0.161957818,0.946956229,-0.680791419,0
1.604038888,3.138025501,1.504161317,1
0.543392904,0.940707853,-0.899776483,0
-0.301977538,1.205021021,-1.242186798,1
2.367893032,4.9845048,1.272936519,1
-0.047042362,1.382952866,0.152647998,0
2.404549231,4.276555826,1.793197619,1
0.560048366,2.37642267,NA,1
0.123264812,3.812588147,0.55624848,1
1.66080655,3.863034469,0.812373202,1
1.162833579,-0.618923572,-2.229403119,0
4.236584734,-0.097091756,0.846758218,0
-1.814965298,1.191708167,-0.604709931,0
-0.64742067,-0.40872244,-1.306836327,0
0.370149838,0.248314426,NA,0
-1.417111963,-0.656988139,-1.210170395,0
-0.975041556,3.14488677,1.424897879,0
0.896839847,-0.919368284,-0.073529283,0
2.049166961,1.066419875,0.797344149,0
0.33912969,-0.130594544,1.417497673,0
0.689760546,3.570125927,1.232500839,1
-3.351172628,0.278618478,-0.248748975,0
-0.559502859,-0.494674441,-0.021625863,0
-1.23048306,-1.357158826,-2.108777565,0
2.831675727,2.358757403,1.004575681,0
0.405472248,2.422300374,0.638581853,1
0.86858896,3.084848693,-0.578092936,1
-1.899403578,4.432861335,NA,1
-0.840355812,2.240006986,0.380497434,0
0.645181087,1.513670023,-0.247436974,0
0.593042335,0.849676444,-0.264963145,1
0.784215274,-0.801172145,-0.509028825,0
-0.815569354,0.680616177,-0.468407644,1
6.188535957,4.31781699,1.449176703,1
-1.666793741,3.737350718,0.477981521,1
-1.728171767,2.904399668,0.286745121,1
1.060500254,1.17704135,-0.206031679,0
0.498818403,1.497748299,NA,1
1.229028976,4.677178928,0.586535929,1
-0.787622094,-2.151381746,-1.367407072,0
0.73214787,1.205841708,0.110767459,0
-1.410447011,1.936569474,-0.846696786,1
-0.993961494,0.73550117,0.226194856,0
2.005296389,1.54058596,0.902611631,0
-1.159711181,3.780793394,1.479341459,1
-0.357604867,2.158931774,1.086445848,0
-0.252348941,1.401056246,-0.890675295,0
-4.425982374,-1.924752639,NA,0
1.466438692,2.104267307,0.264529428,1
-1.081891575,2.191647169,0.033185604,1
0.471871328,2.083806839,NA,0
1.022639157,0.237025039,-0.062180281,0
1.885618122,2.635099323,0.975999829,0
-1.908981989,1.640124792,-0.059896222,0
0.578115789,2.038758189,-0.177881371,1
-2.964363022,1.894680635,-0.547071364,0
0.257602339,2.269224496,-0.039666809,0
-2.567553773,0.435526884,-0.980808983,0
-3.35931163,3.498710128,0.071970768,1
2.395486652,4.690770355,2.019926052,1
0.44051882,4.746738091,0.396527539,1
0.408939839,2.465610392,0.552113549,0
0.701642189,3.109269868,0.184301703,1
1.814182257,-0.702550466,-0.212757753,0
1.298492125,1.774237444,0.576979152,1
2.861417809,3.383146851,NA,1
3.489039205,4.47720007,NA,0
-0.514140108,2.294484363,1.362513483,0
1.82265266,2.335780956,0.527039393,1
1.648512281,0.669094943,NA,0
0.41901193,1.247574115,0.024345227,0
0.375929749,0.67466485,-0.088121484,1
4.343397754,4.053899018,1.369836028,1
1.781647025,0.177910195,-0.430830371,1
-2.015028711,1.445012026,0.180570079,0
1.769286744,0.614413286,NA,0
-4.140362181,0.191656772,0.302004436,0
1.659747975,1.519542823,0.925558016,0
-1.056665054,0.601085391,0.606201405,0
1.348276925,3.124061449,1.021198853,1
1.438596326,2.891682016,0.0404195,1
-0.767946226,0.464092003,-0.219291758,0
-2.778556952,0.377563646,-0.500740025,0
-0.488340418,0.606136581,-0.376261237,0
-2.605370165,1.511577777,-0.591626288,1
-0.348547081,2.372892382,0.51768649,1
2.690898389,2.403436502,0.831318276,0
-1.371998422,2.199256751,0.550957085,1
0.014871896,-1.040610947,-2.514892665,0
-0.655759578,1.411689055,NA,0
1.032221214,4.322437672,NA,1
0.187116715,2.184767166,0.67363758,1
-2.708229857,-0.149640559,-0.410903203,0
-0.258083277,1.679184864,0.566661376,1
1.389830587,2.269762282,0.949760771,1
1.600561806,-0.652646338,-1.570999422,0
-2.606891055,1.075197147,-0.977088413,1
0.511700797,1.919656894,0.946553492,1
0.289247119,2.382150748,1.022428476,0
-4.730296322,0.647543,-0.957922432,0
0.685029536,2.83298254,NA,0
0.143039219,2.332008143,0.057601047,0
0.669399877,2.528073398,1.310457585,0
-1.328701507,1.69135191,-0.640143378,0
-1.593018169,-0.398580911,-1.259792307,0
-1.658418316,0.917576062,0.319068499,1
-2.294361539,-0.06917141,-0.60250706,0
-2.697303737,2.673790918,1.105622622,1
1.401995721,0.304624569,NA,0
-2.941859646,2.259870219,NA,0
-0.951100343,-0.753198624,-0.035074484,0
0.434860398,3.529242953,1.041994504,1
1.693924581,1.918199407,-0.863748288,0
1.995074715,1.935485825,NA,1
-3.653503313,1.722901671,-0.869800636,1
1.818639617,2.70251454,-0.39714528,1
-1.786193834,3.081089277,-0.085026132,1
4.456487489,4.148406791,1.656679728,0
1.281157744,0.376060755,-0.089617952,0
-1.026634553,1.501043175,NA,1
2.201625187,3.53390823,1.252235334,1
3.113646243,-1.031027527,NA,0
-0.530154967,0.577087825,-0.468482321,0
3.720338724,1.4966658,NA,0
1.466235802,4.41356917,2.389536819,1
0.263430069,2.657299707,1.605693126,1
-2.157897588,-1.143544946,-0.541297849,0
0.650450892,2.506695378,0.37363811,0
2.019350798,0.360621781,-0.344538275,0
-0.720270994,0.558169554,0.796685032,0
-0.278389236,3.624633211,NA,1
1.371550077,4.211866957,NA,0
-3.108043935,2.478748182,0.195518314,1
-0.95478457,0.332767727,0.022624168,0
1.046973598,0.378740394,NA,1
-0.327176163,4.208514079,1.051401451,1
1.734159149,4.85444512,1.642953174,1
-0.491287,0.697252987,-1.155972713,1
2.435661407,2.853151024,1.319531418,1
1.141082793,-1.235507001,-0.603742711,0
5.075522957,5.382427426,2.385982455,1
-2.276122545,0.331808841,-1.215375329,0
-0.275387276,2.052991771,1.99668559,0
-1.053354222,0.332954915,-1.226835532,0
0.302779127,1.627438385,1.754377584,0
3.23455658,2.193545782,0.106093516,1
-2.463693555,1.23229475,-1.632115173,1
-0.234207176,0.95245686,-0.008326739,0
-0.912678206,0.856992703,0.865905068,0
0.396109913,3.513344039,1.552337206,0
-3.80008685,-0.343073301,-1.27959476,0
-0.291946703,0.061354541,NA,1
1.008094967,-0.386916586,-0.107898755,1
-2.743736349,-0.153001888,-1.737271117,1
-1.129073135,0.217662947,0.137968785,0
-1.07264606,1.17404155,NA,1
3.325153576,-0.095460981,0.557873647,0
0.549674345,3.123128,0.260654424,1
-3.470334127,2.834371439,-0.406574849,0
2.51613868,3.306523301,2.098218938,1
0.344475404,2.913472221,NA,1
-1.214065149,-2.05846938,NA,0
0.542033572,2.017862022,NA,0
2.311872028,4.192097155,1.507192385,1
-0.722915154,1.409735369,NA,1
3.663841303,3.678732166,1.473364063,1
2.603779449,1.080749882,0.799377496,0
-0.654332953,2.649269433,-0.116720509,0
2.973186511,3.263263023,2.075093825,1
-0.929241828,0.933171961,0.83751882,0
-0.024874025,3.518486417,1.075383188,1
4.490979826,0.877700592,0.651130657,0
0.862770476,-0.317023584,1.271702197,0
0.205565398,2.781959502,NA,1
-3.255714926,1.919223277,-0.161956132,1
-1.895809211,1.814876771,0.647657147,1
-0.708101555,2.418476657,1.351131698,1
2.120064236,1.180439463,0.553612717,0
2.435630122,2.584191277,1.272972522,0
3.632163318,2.799754034,1.556831523,0
-1.384609966,2.424362922,NA,1
1.297576098,1.498526031,-0.259241604,0
1.074689119,3.805399283,1.730440579,1
-2.075746512,2.21389267,0.633824633,0
-1.460681222,0.071532738,-0.809785567,1
-0.069970876,4.772005489,0.914344646,1
4.477870654,4.624770141,1.544254418,1
-0.235365589,2.280235965,0.183538734,1
1.63998331,3.961553573,0.417386214,1
3.233798128,2.540940894,0.862864358,1
-2.318227879,-0.044226697,-1.537940726,1
-1.04883916,2.739559747,-0.406210563,0
-5.112839066,-3.148624683,NA,0
-3.591597054,0.212651719,-1.333987087,0
5.162808581,2.914246648,1.032283503,0
-5.191796228,-0.007539564,-1.70328223,0
-1.385833477,1.711945512,0.226325786,1
0.362395312,2.307208808,0.310683274,1
0.664357583,3.034244108,-0.110007512,1
3.235665626,3.155147749,1.405492152,0
-0.609722604,0.995121122,-0.260508804,0
-0.307178072,1.682743014,0.157935381,0
0.307046267,3.086948618,1.487533801,1
2.982631682,2.790916422,0.803334409,1
-1.019720982,3.854094317,1.804269228,1
2.373911301,1.767817095,0.963686782,0
0.330317745,2.95701576,0.550847874,0
-0.494941679,3.270585041,NA,1
1.197927929,2.011897701,0.758047302,0
1.236538009,2.606171825,0.74827979,1
-0.630754238,0.180443285,-1.591823183,0
-1.726997916,1.01631852,NA,1
-0.399755732,0.691470592,-0.865980106,1
4.564906109,2.304763295,0.845140635,0
1.837899751,1.093330008,1.585624355,1
-1.837866514,-1.053924463,-0.838237194,0
1.078903123,5.399202633,0.808427135,1
1.615134762,3.838544392,2.254977837,0
0.497353694,1.544899459,0.657036386,0
3.067248104,3.946874818,1.837446391,1
-0.784838294,0.476511008,-0.075472658,0
2.288922665,2.977448152,0.800307683,1
2.413557957,1.050243921,NA,0
-1.95397621,-0.959037349,-0.749941355,0
-1.010172761,0.930510865,-0.380382541,0
0.451695591,1.505568744,0.086025121,1
0.902507872,4.162811426,0.886442342,1
2.081914303,3.794589808,1.735010134,1
-2.519707364,2.37146214,-0.506962989,1
0.120118136,1.054682111,-1.150528815,0
3.044348817,3.737787179,NA,1
4.681614615,4.304503521,2.355008419,1
-0.706656189,0.49676091,-0.636747642,0
-1.29912784,0.027116975,NA,0
0.234902062,-0.559070982,-1.837261518,0
-3.128098355,-0.287220382,-2.220992188,1
1.01642308,2.847056311,1.331830787,1
3.470924884,1.59035116,1.232211364,0
4.2641701,2.145575442,0.991108652,0
-1.233582403,-0.342999493,NA,1
0.035245413,3.022715353,1.384124517,1
2.186290443,0.067468916,-0.396703101,0
-0.727785081,1.815817105,-0.474246663,0
0.236033584,-1.387143357,-0.732173788,0
1.263929217,-0.32534963,NA,1
0.389199647,1.995552191,-0.49298227,1
0.42885735,3.115674989,0.831953121,1
0.820866054,0.690623202,0.840766241,0
5.476688047,3.031039403,0.783240367,1
4.301076992,1.94987515,1.86352484,0
2.192441733,-1.147850637,-0.127586778,0
0.59563965,5.451479715,1.114669067,1
3.539679948,1.637377371,NA,1
3.072991877,1.722869712,0.752347602,0
-1.762821756,-0.882465908,-0.318790533,0
1.112231999,2.091522572,-0.150842399,1
-2.091312338,0.018966281,-1.825589374,0
-0.000165483,0.595839206,0.302437433,0
-0.218008886,-1.028416233,NA,1
-0.227183463,1.014634143,-0.197448176,0
2.736210386,1.151244733,1.275129734,0
1.409429507,5.559848666,NA,1
2.597844701,0.746468972,0.635725401,0
-0.223081254,-0.407829697,-0.925043906,0
0.53179419,4.618965416,1.853136482,1
-0.492635602,-0.102863422,NA,0
1.872764046,2.301461436,-0.187120972,0
-3.004799993,0.879639944,-1.281850141,1
-0.796455795,2.517664432,0.809090531,0
3.277360861,6.356792432,2.078722778,1
-0.504444259,-0.696038018,-2.039375066,0
2.014375546,0.888652286,0.897316586,0
3.653716978,2.675145249,NA,1
-0.909673398,1.788891467,-0.684053566,0
-4.991012095,0.041353649,-1.485415466,1
1.153090734,1.192995739,0.67008454,1
-3.479718474,0.447521762,NA,0
-4.857462779,-2.081137283,-2.179453322,1
-2.118197443,1.851210533,-0.139809351,0
0.475267006,0.690735094,NA,0
1.05074343,2.962962951,2.379687191,1
1.267468847,2.171303936,-0.191777485,1
-1.554541964,0.832406841,0.456881313,0
2.966921278,2.898712818,NA,0
-0.272334658,3.3305484,NA,1
2.254909049,-0.310912392,0.099852336,0
-0.153137897,1.936663646,NA,1
-0.838474262,-0.125669022,NA,0
1.469504944,3.555387086,0.037931722,1
0.812644956,3.570776522,1.186070298,1
-2.802684831,0.647772416,-0.175298176,1
2.450352567,1.310274668,0.462932834,0
1.957413495,4.042423474,1.654508952,1
-0.170149187,3.2751989,1.00751303,1
5.524189023,3.157164586,NA,1
-1.148953419,-1.263096231,NA,0
-0.163289085,2.414176631,1.528887458,0
-1.295076339,-1.757937455,NA,0
1.467179681,0.923702391,NA,1
1.450016147,2.919219545,0.472050075,1
1.779612134,1.308353607,0.857655088,0
-0.634085764,0.312277129,NA,0
-0.744685813,3.421184863,0.740056813,1
-0.866871701,0.850068798,-1.170986606,1
0.166626741,1.924813622,0.094631557,0
-0.145791751,0.955410884,-0.672183681,1
0.010826954,1.325620253,-0.021405585,1
2.096177851,3.508865908,1.848184947,1
3.35002831,1.740856524,NA,0
-0.782081797,0.218727502,-0.938048276,0
1.405630225,0.171855409,NA,0
1.173489781,3.846887153,0.519081465,1
1.831341616,1.921479027,1.060921245,1
-2.734110099,-0.992987636,-0.717592538,0
-0.936240461,2.453311427,NA,0
-1.908057054,0.226110425,NA,0
3.789081853,2.258098185,NA,1
-1.268388273,1.656226874,-0.254207475,1
0.221389122,2.330442463,0.970045289,0
0.139750656,3.370415246,1.677116852,1
-1.750927442,-1.749847733,-2.384148964,1
-2.632387555,2.966332483,0.590132396,0
-1.872021759,2.046204111,-0.310547427,1
2.912400865,2.412567387,1.139431939,0
3.471501842,3.653568412,NA,0
3.090990533,1.135297751,NA,0
2.015679573,3.708879479,NA,0
0.722874464,1.288218049,-0.468965993,1
1.759853734,2.218736145,0.905259178,0
1.25128045,1.556410357,1.022756118,1
0.326966735,2.459222764,NA,1
1.906191169,2.39458826,0.516082049,1
-1.415921758,-0.287185344,NA,0
0.192167851,3.83068033,0.828072828,1
-0.517759853,4.000502109,1.011494245,1
0.514024636,1.03950096,-0.938603807,1
1.623042193,2.194500672,0.815186526,1
1.981309513,5.646201178,3.20504869,0
-2.972367255,-1.286663359,-1.189726965,0
-4.831400601,2.418253187,NA,1
-4.048673147,-0.039562073,-1.464455814,1
1.148958769,2.335636503,0.952441631,1
1.739919665,2.599583708,1.408434402,1
-1.801677843,2.960838229,0.866279108,1
-1.999388066,1.454254466,-0.92715513,1
1.088799097,-0.45958513,-0.627691029,0
-2.323166638,2.980005014,NA,1
-0.077547091,3.190485885,0.967944841,1
3.353413028,0.674506167,NA,1
0.27425967,1.839706995,0.431221025,0
0.978709051,4.28345942,NA,0
0.123093115,3.420933527,1.753057295,0
-0.37565612,0.743960924,NA,1
1.221526861,-0.573379963,0.341582034,0
-1.230670551,1.127218628,-0.479589945,0
3.429797789,2.863535494,1.257975401,1
2.885429563,5.130185818,1.103619637,1
1.479025626,2.185859542,-0.250167192,1
0.703324912,-1.634526245,-1.692593331,0
-2.719038386,0.548337906,-1.272622875,0
2.347796672,1.174639284,-0.074157935,0
0.124021538,0.609134999,-0.690090228,0
-3.048403467,-0.503092615,-0.513760256,0
0.796679353,0.999149671,NA,0
-0.23293667,3.150968964,0.721597974,1
-0.780672807,3.844309213,0.512324017,1
0.890461673,2.884810093,0.334945773,1
2.16046553,-1.605932689,0.014076528,0
-2.062180309,3.189833564,-0.643672747,1
-1.53084039,2.577156661,0.310331505,1
-0.704455078,0.456074016,-0.595509622,1
-3.113232063,0.040280564,-0.613779285,1
-0.159219875,-2.115929757,-1.455622134,0
-0.614088638,1.96173898,NA,0
-0.816491648,3.181113943,-0.096683661,1
-0.831030322,3.382149292,0.991033706,1
-0.894567559,4.342926475,NA,1
-2.035246983,3.787856039,0.250207937,1
-0.575215609,2.066095359,NA,0
1.453726447,1.260065249,-0.380826399,1
-1.461846844,-0.968585262,NA,0
1.101263943,0.112359046,-0.036854788,0
-2.003003801,0.863492509,NA,1
1.062423653,1.754271552,NA,0
5.073727924,3.424867337,1.462985567,1
1.229527169,1.857518826,0.771420612,0
-4.355752938,-0.066572396,-1.43188843,0
0.101664041,2.95403272,0.222935302,1
-1.008345339,0.962604063,NA,0
-0.078381858,1.228840148,-1.837498009,0
0.968209302,2.244662406,NA,1
-2.719386282,0.903307676,-0.412842862,1
4.217277915,2.034444981,2.477569499,0
-0.878509122,0.52844945,-0.077703983,1
-0.661432184,3.469674833,0.417095874,1
1.52880494,1.723055119,NA,1
0.654780677,3.163138662,2.113785057,0
0.907261719,2.306992902,NA,0
0.492558028,2.325010922,0.91842793,0
0.756307228,-0.870890392,-1.113984809,1
-0.942635805,-0.082153538,-0.89473237,0
0.594640993,2.728679211,1.405762985,1
-4.529946826,0.930158483,-0.708812378,0
1.897491383,1.513406039,NA,1
3.143541201,5.442788976,1.367490372,0
1.609592616,-0.225731967,-0.420536038,0
-0.179612349,4.26173619,NA,1
2.846397756,1.519522333,NA,0
1.536568799,-1.772029487,-1.245853185,0
0.901771573,1.030127377,-0.78585272,1
4.62499068,2.050996245,3.178355485,0
2.901399745,3.862466809,1.35559333,1
2.770960001,-0.150147769,NA,0
0.155105862,2.316892291,0.712384421,1
-3.318815555,-0.658485626,-0.251333183,0
-3.256639722,0.544570089,-1.214368584,1
-1.33409428,3.121581676,0.623508664,0
-1.793692944,2.505836201,0.514363089,1
-2.721607275,1.749581029,NA,1
0.694834774,3.393541728,NA,1
2.672766386,1.881640273,0.857053422,0
0.006576222,3.38306127,1.238606882,1
1.23699797,4.06844307,1.283735175,1
-2.609386751,1.581587671,NA,1
1.943247653,0.296164214,-0.26918006,0
2.383434661,4.049620067,NA,1
-0.256056397,0.816347491,0.158803018,0
4.352713403,1.644012239,NA,1
-3.022102843,-1.324677106,-1.531605776,0
1.778940327,0.90696718,-0.51688089,1
1.496545327,2.012020798,NA,1
0.629407423,0.14404786,-0.261985178,0
-0.844862091,0.300669709,-0.21192921,1
-3.469241905,4.187687967,NA,1
-2.957607299,0.7530646,-1.298992651,1
-2.912091406,1.060135785,-0.24528638,0
0.172462898,3.607954597,0.870731991,1
2.898412736,4.960636222,NA,0
0.053465642,3.01652877,1.834396237,1
2.8468384,4.794634368,2.153250952,0
3.037677913,1.628302848,0.394409861,1
-0.057170037,1.804639347,-0.018147843,0
0.774864944,0.485358973,NA,0
1.248932403,1.392857593,0.355287155,1
-0.86024549,0.214433353,NA,1
2.115846082,3.455224885,1.833637828,1
2.003409994,3.183684778,0.637867594,0
0.952550584,4.09070784,1.039661495,1
-0.850784843,2.705733347,NA,0
0.073914088,-0.282823903,-0.111962108,0
0.520847515,0.53642002,1.157791963,0
-0.386778287,1.58930736,-0.298048637,1
-1.383674996,1.191605048,-0.190724095,1
-0.393918913,0.252445275,0.493191717,0
-0.266125773,-0.021095396,0.096202475,0
3.20963166,5.131644772,2.141440411,1
-2.198974215,-1.882767471,-1.048987784,0
-2.370850091,0.78826017,NA,0
-1.023671405,2.94073718,1.484426575,0
0.404117118,4.150497967,2.281357218,1
3.07013374,2.865676818,NA,0
1.40555353,0.569907316,-0.630401673,0
-3.540793554,-0.825593572,-1.688266686,0
-2.67939396,0.746410698,0.408993661,1
2.236741596,2.701736388,0.583574596,1
1.237002448,2.700161874,NA,0
1.274822986,1.195461847,0.510199923,1
-0.397769557,0.988185832,-0.488493983,0
-0.63172359,3.086903768,NA,0
0.120008523,1.212451657,1.37854299,0
0.17105535,3.103058627,NA,1
4.464751543,5.321921514,2.796602055,1
1.98859105,4.276580893,0.331884526,1
-0.252209117,1.197005532,-0.663052789,0
0.696802732,-0.216774078,NA,0
-1.383187927,2.150663568,0.8457432,1
0.645161746,0.904313948,0.157250187,1
-1.864990431,-0.333587378,NA,0
1.440005578,1.417372507,NA,1
-2.345247275,1.661054,0.378632593,1
-1.666681106,-0.401768974,-0.108920916,0
1.33585573,1.05105291,-0.708970898,1
-0.95186886,2.612314945,1.084319295,1
3.009816782,3.309887506,1.840887603,0
1.380935501,0.580767305,0.094856533,0
-0.404340322,1.997964162,0.791182061,1
0.344139228,0.461938466,NA,1
-2.357721403,0.549918736,NA,0
-0.154800656,2.717652973,0.81076558,1
0.311568733,-0.183909727,-0.369795743,0
-0.809237437,2.467771099,0.642952889,1
-2.214686915,-0.967385457,-0.816011354,0
-1.167709314,2.076115613,-0.365589933,0
2.343887064,0.660904491,NA,1
3.76255778,1.46231033,1.299403341,1
-2.248711228,2.452145676,0.059048288,1
2.911153682,6.235136497,2.666958546,1
-2.938475783,3.156847363,NA,1
-2.600640446,0.800252125,NA,1
-0.464844686,-0.093118361,0.379416025,0
1.607247071,2.778183588,-0.213007115,1
2.79976022,0.925414085,1.605063555,0
-0.637433708,1.425498705,NA,0
1.157923514,0.672280652,NA,1
1.241580966,2.124145158,NA,0
0.779603734,2.591760558,0.588007484,0
-1.688171103,2.015266545,0.089095136,0
1.589101756,5.911913574,NA,1
0.91159309,2.698954009,NA,1
-3.224275009,1.085537179,NA,0
0.546950695,3.24896971,0.347341549,1
-3.244961487,2.10889512,-1.169976183,1
0.490474441,4.683865934,1.561835724,1
-0.208325091,-0.282736126,-1.233061603,0
0.917563215,0.002235298,-1.361986652,0
-1.959405311,3.591241251,-0.754195896,1
1.84877755,3.590978396,0.987401121,0
3.648196182,-0.086225075,0.821301336,0
1.201331694,1.003088478,-1.096569312,1
-0.251596431,2.708762346,0.89115201,0
-0.408398531,0.868328542,NA,1
-0.583942361,2.681075254,1.044730797,0
-2.276435209,-1.439070313,-0.503013504,0
0.972597166,1.512992413,0.497309796,1
-0.429579822,2.350141361,0.382680649,1
-0.727654889,2.554880002,0.837702677,1
0.09355687,-1.271038665,-1.344696171,0
-0.48807156,3.086510656,0.222493034,1
-1.327503558,-0.524373808,-0.908503983,0
1.324581292,1.045289644,NA,0
4.951655335,4.034495105,2.048987437,1
-1.600110526,1.089995288,NA,1
0.90571696,1.721887559,-0.240894721,0
-0.576596755,1.26562266,-0.193082587,0
1.214102843,-1.280341611,-0.100125358,1
-0.274187277,0.319371692,-0.683209297,0
-3.423059951,-1.053729672,-1.594575735,0
2.170869885,1.564017028,0.587990286,1
-3.025164863,2.521767976,-0.499929307,1
3.783735699,3.312129146,1.174418679,1
1.518555958,2.490849522,1.327107139,0
2.449141642,2.416823186,-0.702125877,1
2.578873293,1.175142334,0.825017377,0
2.226431632,-1.19274744,-2.017316133,0
0.96424169,0.510979015,0.500641148,0
-1.806477488,2.075569413,1.157187016,0
-2.274020932,0.848583751,0.132662025,0
-1.512697296,2.427045072,0.85566478,1
-0.584782888,2.939745356,-0.563254141,1
-1.392592107,-1.287694797,-1.189502442,0
1.190434953,2.62505362,1.238836333,0
-0.73935515,2.097199804,0.872249083,0
2.545100965,3.934860948,NA,1
1.206664502,1.338738457,0.058086042,0
-0.814129311,0.376106217,-0.276329898,1
0.181664207,0.310640208,NA,0
-1.807790627,3.223664818,1.057658697,0
2.140834808,4.168487388,0.822012542,1
-4.047003401,-0.457660843,-0.994095214,0
-2.553193469,3.064582066,0.591799756,1
-2.658082324,3.056914475,0.538931252,1
2.160681337,1.479929042,-0.24093531,1
0.284208915,3.453048844,1.452546917,1
-1.13558135,1.607387553,0.462013729,1
0.95845172,2.824789837,1.505330012,1
3.235699137,3.63460052,1.045269144,0
0.83268805,2.429186514,1.154345163,1
2.009317008,1.776140742,0.537879641,0
0.886105074,1.595618726,0.313319833,1
0.308191951,1.22075595,NA,1
2.105686571,0.701820975,-0.607472624,1
-0.39584471,-0.472715802,-0.297990425,0
-1.096003022,1.025332266,1.022031341,0
1.044869512,2.006442763,0.576358278,1
0.604090711,-0.628293666,-0.501366056,0
-0.056850721,0.871735621,NA,0
-0.993778168,3.021398627,1.197791412,0
-2.25361685,1.114119217,-0.697742942,0
-0.794088176,-1.32046471,NA,0
1.031592344,2.361619903,0.815616144,0
-1.129607859,-2.414694284,-0.515970684,0
2.183392373,1.921919416,0.882517333,1
0.752559555,3.647987689,1.539264925,1
1.294165629,1.933745566,0.765263836,1
-0.808133364,2.354921134,-0.20396382,0
0.169064949,4.237210206,NA,1
3.771891705,4.960973456,2.542803875,1
0.633271587,-1.574060295,-0.599035245,0
3.542016759,3.067786248,2.599545123,0
2.153422001,0.150970565,-1.042890164,1
0.494617469,0.527150452,-0.136955753,1
2.64293737,2.124530892,0.540255503,1
-0.52516063,-0.186723983,0.268075727,0
-1.017994353,3.523311819,0.647384035,1
1.526817778,3.249543885,1.723456872,1
-0.715882541,4.001932974,1.654456844,1
-0.369738814,0.082710111,-0.502908482,0
0.525773872,1.380963116,-1.166553618,1
-0.513017215,3.207881531,1.859379663,1
-0.525487431,3.119679393,NA,1
2.146018022,2.822858667,NA,1
1.972092364,1.191352183,0.262974376,1
1.755244233,1.75955398,0.771463331,1
-1.802263207,1.447618689,NA,1
4.185939911,0.885485201,-0.378100694,1
1.75320205,4.285209224,1.420359641,1
-0.91363624,0.398738388,-0.868566095,1
2.927261151,2.052785351,1.457821493,1
-1.154690305,-1.022889741,-0.411294205,0
-2.235822212,0.771195113,NA,0
0.21811916,0.500829501,NA,1
1.90766754,2.636008725,NA,0
-1.505321207,1.997498329,0.431591886,0
5.724754113,4.581826254,3.126366695,1
1.134400186,1.89558078,0.422429308,1
-0.549734403,-0.128516705,-0.758350587,0
4.425712199,3.263959686,NA,1
1.539414133,2.787562493,0.437970041,1
-1.231421511,2.261477303,1.304671252,0
-0.750246473,1.124721787,0.434001168,1
0.574484917,0.89680064,-0.971807112,0
0.908861105,0.6555942,0.936172357,1
-3.079941809,0.240865768,NA,0
2.191071052,0.849981919,0.959369448,0
-0.240103455,2.88152279,1.245840607,1
1.14067501,0.195362094,-0.010790036,0
0.280452612,0.646857594,-1.43109126,0
-0.894797295,1.81705108,NA,1
-2.818786588,1.080224105,NA,0
3.622245442,3.923109963,0.895988748,1
1.962359744,-0.224931256,-0.809630149,1
-3.139480448,1.787038858,-0.139821351,0
-1.10039524,2.68262052,NA,1
3.660086892,5.031745381,2.421542192,1
4.373272777,-0.637042452,NA,0
2.802585194,0.369246272,NA,0
0.412977702,4.325126732,1.196757254,0
0.944521217,0.107841262,-0.043287371,0
-3.103151226,0.15807939,-1.311308353,1
-4.140375279,-1.805072744,-2.762335361,0
1.837376543,2.667332442,1.373903481,1
0.790597307,4.659281989,1.276967227,0
-3.308488229,0.973690248,-0.289375284,1
0.848928965,0.690929336,NA,1
1.065602579,-0.929649186,NA,0
2.070902623,3.419861164,NA,0
1.121174055,3.018899225,0.292973822,1
-0.411980116,1.385778673,-0.460526469,1
3.11232478,1.281782492,0.810355514,0
-2.50752854,0.762587143,-0.087511169,0
4.235834359,1.601127309,-0.159539346,1
2.340149532,2.19829239,NA,1
1.284743755,4.082961779,2.173133829,0
1.31838972,1.43342229,-0.209314432,1
3.177208266,2.856501285,NA,1
0.770341759,3.255905349,1.279951459,1
0.136325156,1.06845836,NA,1
1.732720339,0.029180652,-0.329442646,0
0.224616669,2.409642238,NA,0
4.24031584,2.743311112,1.274996737,0
-0.602632762,-0.434743424,-0.445599407,0
-1.858517014,2.177911008,NA,1
1.388897077,1.718389457,NA,0
-1.814334353,1.952198421,0.592358653,1
4.746952273,3.785842141,1.385849509,0
-1.346572033,-1.238023768,-1.243329279,0
2.264019094,1.460191298,0.220145751,0
2.148692813,0.906422964,0.070995473,1
-2.965754474,-1.507791296,-1.48161249,0
-4.229816323,0.384050823,-0.766476324,0
-1.46646127,0.403489152,-0.131211793,0
0.283769428,4.713837055,1.165703509,1
1.482209942,2.540129372,1.691341299,0
0.729198639,-1.270953494,-2.142298909,0
-2.52029053,0.664182461,-0.965582077,0
1.818275377,3.56795369,NA,1
3.763623855,2.445212284,0.2993061,0
0.281036806,1.019780432,0.370190289,0
2.160257593,3.040142399,NA,0
2.944465287,1.918700311,0.507481534,1
-0.229177883,0.553141696,0.756590436,0
3.553498255,6.237993158,1.811602605,1
-1.227490749,1.632416256,NA,1
0.656934766,1.080542954,-0.018532532,0
-2.306581665,1.183570941,0.167695576,1
0.161210797,4.125916468,1.400216218,1
0.168358461,2.619799142,NA,1
-0.535918187,-1.48569376,-1.864153646,0
0.874313129,3.27670364,-0.106926608,1
1.414501441,3.476861524,0.951207741,1
-2.82710835,0.585728655,-0.383995056,0
2.849596953,3.85363347,2.12208756,1
3.945966461,-0.270740648,1.024777179,0
-0.823068942,-0.85034529,-1.02287995,0
2.294443321,-0.266094422,NA,0
0.911919679,3.339674344,0.890080676,1
2.221447942,2.311096044,0.888602492,0
3.428104233,3.2260166,0.978233301,1
-0.854735132,4.29402477,-0.163824831,1
0.62689928,2.534800762,0.585899836,1
3.404733619,3.414864568,1.531401074,1
1.011237504,-2.256411258,-1.248781044,0
3.21409487,0.961131766,0.422127511,0
-0.33617327,-1.2421002,1.061840632,0
2.660777965,3.435746997,0.29382004,1
0.769582311,0.624426524,-0.622208114,1
1.340558463,2.838736939,0.273768443,1
2.932379564,3.082937145,2.745093781,1
-1.571711416,1.76257059,NA,1
-1.612087361,1.330896364,NA,0
0.832043184,0.099459458,-1.337218574,0
-0.91241109,2.471646297,-0.162287713,1
2.483679024,4.874037203,1.805685392,1
0.486108793,-1.321469778,-0.444455465,0
-0.828242527,2.321676239,NA,1
0.547509772,0.838674557,-0.233226659,0
1.403283495,0.353989128,-0.304986755,0
-0.547656328,2.321901894,0.388734442,1
-2.749769736,1.410745322,-0.541628465,1
0.169248758,2.660463227,0.461605313,0
-0.851709209,2.244193405,-0.811021092,1
-1.190511835,-0.580263755,-0.348572184,0
4.290290825,3.081222288,1.632411978,1
3.363458118,2.546937312,NA,0
1.571673108,1.289739553,NA,0
1.671184348,0.96540808,-1.086216084,1
-2.595372524,-0.946195082,-1.132623192,1
-2.115705613,1.29493231,NA,1
-0.043829788,1.957431647,NA,0
4.900979461,2.219249515,0.983689363,0
2.362307947,2.524779747,1.324973961,0
1.166305435,1.095782545,0.504749877,0
-4.941751329,0.293417904,-1.731318777,0
-1.499841888,1.315799057,NA,1
0.851180309,2.441285237,0.572015661,0
-2.013957204,-1.436158218,-1.34803643,0
-1.959986523,0.694138021,-0.54471136,0
-3.091426844,1.114431272,-1.198708763,0
1.251563322,1.542217481,0.433538887,1
-0.141839604,2.666407219,0.907558369,1
3.683863418,1.907455077,NA,0
-0.546340089,0.682183501,-0.526305245,0
-2.37690018,4.974052446,1.68619644,1
0.822251472,1.307293462,NA,0
0.910741008,3.586756549,0.530111607,1
2.221452951,3.013959107,-0.439213622,1
-0.90102539,-0.860366652,-0.881106045,0
0.869682787,2.106426186,NA,1
1.026961021,2.200834813,1.624691423,0
-2.205950997,2.45440901,-0.79416676,1
1.149176697,2.892280785,1.159140611,0
2.404374561,-0.029740951,-0.013942286,0
0.870836048,3.698035761,2.144932267,1
3.468193388,1.947044265,NA,0
-1.787393107,1.907546403,0.249949011,0
2.213026287,1.802359263,2.015836093,0
-2.463367402,-0.238183119,NA,0
-0.550073212,1.617551956,1.03474549,0
0.657793409,0.566753891,NA,0
2.544802911,2.137785911,1.575959801,1
-1.602329834,-0.050255923,-0.722556175,0
2.851489411,6.32700135,3.094827433,1
0.008800577,-1.910682428,-0.771272622,0
0.181379741,3.466396783,0.067154951,0
0.396239893,1.221933013,0.061777993,1
-0.314383893,2.154297846,0.033753181,1
3.259601504,1.595276211,-0.554482804,0
0.871943059,2.828441113,0.908468323,1
2.283063078,1.775261581,NA,0
2.432693783,1.62284842,NA,1
3.019398447,2.147958478,0.139571865,0
0.201177629,2.315495046,1.274798459,1
1.847867778,0.102164987,-0.969152498,1
4.996117356,5.293201797,1.821479279,1
0.749325467,0.583093492,0.244264101,0
-0.093568492,1.922600201,0.070666423,1
3.06550232,2.361299131,0.816662461,0
-1.606231796,2.158765189,NA,1
1.13912505,4.851042932,1.647471776,1
-0.645578541,1.308262659,NA,0
0.965815521,4.192666734,NA,1
-2.525272258,-0.576327344,0.345581002,0
3.459241092,4.68045822,1.294721558,1
-1.346893501,-0.933624018,NA,0
-0.150815392,3.640454102,1.294334109,1
1.587513883,5.0171306,2.115029331,0
3.953062682,2.965250089,NA,0
-1.354438113,0.020924972,-1.234467873,0
-1.751944736,0.19931068,NA,0
-3.359114391,1.585070442,-0.153500907,0
-0.554666343,1.707123328,0.043587521,1
0.309227791,1.939538478,NA,0
2.083624013,0.653765216,0.366696616,0
0.047106112,3.54441498,0.910303986,1
1.010541802,5.870999915,2.755218963,1
-0.798933386,3.599456466,-0.583234811,1
-2.385773646,1.590980511,NA,0
0.018978793,-0.463219026,NA,0
-2.241915605,0.902383378,0.127673165,0
1.587404899,1.945375478,NA,1
1.515001383,4.822999524,2.523300836,0
1.995020097,2.962452339,0.419135919,1
0.818604055,3.088596917,0.35953758,0
1.746454524,0.936830751,0.610071411,0
3.18866303,1.126615664,0.98893725,0
-1.234313913,1.082434351,-0.466449987,1
2.463798093,2.144052711,NA,0
-1.189684135,0.330969293,-1.222680537,1
-1.634401166,0.939968309,0.115612659,0
4.00252978,3.536086081,NA,1
-0.941328197,-1.081917251,-1.306363038,0
-2.074905453,0.06407983,0.02603107,0
0.980599752,2.565220346,NA,1
0.421384871,4.453954488,1.834471707,1
0.478993287,4.10865058,1.245864085,0
-1.343506075,1.978837617,0.991069475,1
2.497197007,1.477869123,1.431760253,1
0.218573915,2.498691765,1.434158444,0
0.770077391,1.024095881,NA,1
1.887192263,-0.804010478,-0.546860423,0
-3.963183427,-0.760060343,-2.638825752,0
1.92907804,0.045977683,NA,0
-0.078501495,-0.819965405,-0.290220355,0
-0.38034134,1.917208002,0.021820646,0
-2.266011882,3.557964674,0.605044782,1
-1.610467273,-0.732070009,NA,0
2.034584502,-0.635368341,-0.791059347,0
0.156443061,1.446019926,0.373478029,0
-1.632778317,1.919139555,0.011947343,1
-3.902119095,0.228268207,-1.108113128,0
3.653126752,1.804593621,NA,1
2.712121246,4.725762281,1.018833198,1
0.819522974,-0.242552337,-0.452888221,1
-2.644851944,0.973476102,-0.572446278,1
-1.516459749,0.643960844,-0.561027382,0
0.042695276,-0.26304058,-1.176141415,0
0.545082498,1.772721848,-0.968575005,1
2.827866337,0.606502159,NA,0
-1.500327174,-0.252941857,-1.124542889,0
2.758701982,2.215493665,0.487587254,0
-0.345161488,2.634888171,1.082119887,1
-0.171812302,1.928309113,0.084502892,1
2.667197031,2.861073186,NA,0
0.349823495,1.444961378,0.669382307,0
-1.102761825,3.383356325,0.855737758,0
0.437155482,0.953662944,NA,0
-1.478352467,1.222487461,0.116836282,1
3.141515369,3.486553249,0.193097997,1
1.295306754,2.675755355,NA,1
0.827813846,3.555046966,0.930535328,1
0.46730918,0.569829834,-1.014112744,0
-0.329379429,2.174073201,0.049293123,1
2.458626828,2.445739191,1.695366664,0
2.436948435,2.020310954,1.676839604,0
-1.482667326,1.032203086,NA,0
3.65389169,-0.386857787,0.249133875,1
-1.316185311,0.390978134,-0.088278758,0
1.082600291,2.456192728,-0.476841556,1
-0.663986924,3.496849115,NA,1
-0.2902905,1.885222146,NA,1
1.581919796,0.794574164,0.094863148,1
1.413798704,0.991211865,0.077746856,0
-2.473497966,1.320873109,0.205470116,1
1.359115794,1.998744367,0.351127137,1
-0.308071499,3.90168373,1.062535071,1
-3.012493047,1.89849111,-0.57203205,0
2.148748907,1.003854924,NA,0
-1.502138743,2.872403664,-1.630330939,1
1.737884485,1.319800776,-0.070958458,0
0.217666354,4.08232055,0.408773852,1
-0.292374307,1.983660802,1.445304214,1
0.745264402,-0.321447869,NA,0
2.211362734,3.297192186,1.04796848,0
1.337181743,-0.253021728,-0.964535892,0
1.528190952,3.600423197,1.851051431,1
-0.408800922,2.616672938,0.652582916,1
-0.324067399,2.263501206,NA,1
-2.355333079,0.711920374,-0.114017919,0
4.135139794,1.546503894,0.681102668,1
0.355572944,2.408223902,0.511487108,0
1.201999972,2.168244005,0.559127193,1
-0.017096366,2.199649178,-0.464075249,1
-0.521199822,-1.028166681,-2.381626343,0
1.375001013,0.157871214,-0.388974333,0
6.869105865,2.721690242,1.626088693,1
0.850067752,5.217087955,1.739565165,1
-4.535505736,1.34375728,NA,1
-3.321861791,-0.199795822,-1.147636304,0
-0.370173201,1.200867186,-0.116677365,0
1.185447796,3.072322568,0.967512541,1
1.108539226,-0.151446579,-0.037958458,0
-0.073811693,2.169110534,0.895533309,1
-1.045157832,1.804000736,-0.348686847,0
-0.074153415,1.798109791,-0.042030822,1
2.859571475,3.44622014,1.193057676,1
4.260112443,2.028956752,0.744411327,0
-0.421028489,4.443180218,0.417708669,1
0.786175069,1.327401762,-2.186734139,0
0.986585007,2.738656439,-0.32926966,1
-3.469284636,-1.614673781,-2.562820439,0
-4.073845875,4.320251329,-0.230047309,1
0.562767123,-0.084126558,NA,0
0.788537133,0.112372691,0.136649962,1
1.143906734,1.579726804,NA,0
3.104126262,2.810366248,-0.263907227,1
-2.325875421,-1.344353097,-1.754390887,0
1.406584263,1.715404441,0.844861,1
-0.439678041,1.208749209,-0.640399802,1
4.570541842,3.950452021,NA,0
1.23707688,1.921286213,0.310070084,0
0.009647616,1.591208609,-0.472147632,1
-0.795458983,-0.511234701,NA,1
0.114225085,1.857334589,1.701094271,0
-0.74572283,-0.744983776,-2.078426709,0
1.136010064,2.13886172,0.558454743,1
2.936528498,0.547195165,-0.300273759,0
1.028064395,0.654662203,-0.441646976,0
1.4057774,2.556842431,NA,0
-1.268171912,1.09182586,-1.263268711,1
1.950278194,2.371496631,-0.500298673,1
-0.395150308,2.231876547,0.452113177,0
2.15981231,2.219981626,1.267486816,1
-1.947977677,0.40959973,0.278577354,0
2.474639848,0.854683416,-0.600023037,0
0.633184449,0.945033833,0.869591462,1
0.672176864,0.862057805,0.812755339,0
-1.427783096,1.587813081,0.150412468,1
-1.400577904,2.653957551,NA,0
1.084711979,3.894860543,1.536069347,1
-1.876212056,3.447414442,1.209309005,1
-1.535540898,0.24455109,0.336390952,0
2.571782104,1.444581462,0.580002596,0
-1.319522629,2.051348114,-0.564379076,1
1.144766447,2.563652724,-0.630035287,1
-0.08554867,-0.360091491,NA,0
-0.300048201,1.814960983,-0.280660742,0
-0.827767896,2.598829459,1.006677284,1
3.586400158,1.783469714,0.17066866,1
-0.669721658,2.766901992,-0.159203806,1
1.577070683,3.068603985,1.179611088,1
0.222659295,2.393121184,NA,1
-0.725120478,0.256847276,NA,0
-3.602793084,0.51526753,-1.407397351,0
-1.289437237,1.753159364,NA,1
1.68966619,2.97234732,0.877068438,1
2.965683298,2.095755187,0.018635008,0
2.46419496,4.098487056,1.114743411,1
0.209838047,1.642891878,0.932214601,1
-2.637638276,2.483210804,0.35729008,0
4.28381211,1.441208043,0.046572477,1
0.580474809,-0.290353741,0.095699016,0
-0.01592261,-0.023052711,-0.820018949,0
2.442506442,2.295785369,0.276056136,1
-2.159525389,0.836703669,NA,0
-2.265627913,-0.353621225,-0.468008236,0
1.608078307,5.221588018,0.895995649,1
-0.684567461,1.870516481,1.173779051,0
-1.356078308,1.404091605,0.851708573,0
0.61560757,1.508943309,0.276420673,0
-0.414866126,1.121584678,-0.033479488,0
-0.915764462,-0.90206438,-1.050609715,0
-0.715196054,0.98851363,0.91686964,0
-1.561727392,0.317906517,0.176478549,0
1.571277835,2.525696806,1.195672112,1
1.969266721,-1.129439735,NA,0
0.407336826,3.008220596,0.882890046,1
-1.099015387,0.431547318,0.542788223,0
0.76502856,3.154928646,0.413380653,1
1.95346007,3.329099016,0.910413293,0
1.220957441,1.83834697,0.196366695,1
-0.569559638,2.642226565,0.842991346,1
0.108924754,2.560963779,0.121590226,0
-4.091903889,0.359837219,-1.560626857,1
1.784690685,1.122242674,-0.024951365,1
-2.953550881,3.098292224,0.957216983,1
2.98093873,-0.787480022,-0.371374772,0
1.715030471,0.360704907,-0.037648575,1
-0.61515333,1.127897795,-0.287065292,1
-1.33739004,0.066982889,-1.692159995,1
0.361491685,1.347725156,NA,1
-0.093191034,1.288138256,0.605788554,0
0.999836924,2.916311814,NA,1
-2.094899593,0.445519427,0.061905953,0
0.234286783,2.777697424,NA,0
1.15150372,3.484649376,1.492849386,1
-1.524562597,1.166165544,0.327022653,1
1.287078912,2.602557114,1.544635024,1
0.172642322,-1.662679488,-1.109700622,1
0.205732391,4.118109029,0.370793913,1
-1.89525712,2.087339558,NA,0
1.961275781,2.109815557,1.015101348,1
1.585994343,0.988813829,-0.522661658,1
1.086805423,0.073046957,-0.49392098,0
2.830512601,-0.253911086,NA,0
-2.853540269,2.052088201,-0.556516698,0
2.5149592,4.062022575,NA,1
-3.633462,-1.685259194,-1.682183979,0
-3.137176186,0.816733093,-0.907151587,0
-0.153012817,3.211501371,NA,1
-1.389812284,1.306991742,NA,1
-1.646846489,-0.860408843,-1.161340326,0
-1.503723877,-1.286104009,-1.282680808,0
0.296204306,0.708068092,-0.241179091,1
1.18455001,1.939148652,0.275738877,0
1.878250565,0.942903254,0.588565401,1
2.381034879,4.11327161,NA,1
1.473992903,4.339082486,1.491701432,1
0.484588538,0.235970753,-0.303067807,0
-2.245304795,2.41048486,NA,1
-1.392120421,0.297965124,NA,1
-2.083006328,0.263600999,-0.723927339,0
0.362140941,3.134147229,NA,1
3.062513212,1.855490097,NA,1
3.963617922,0.630797971,0.58930728,0
-0.590813474,3.638371037,1.173214933,1
-0.621716859,-0.5031169,NA,0
-4.213576883,2.026197026,-0.201844223,1
0.634661665,5.063076805,2.029936902,1
2.302122528,2.027833738,1.455281207,0
0.141408517,2.529062658,0.743477819,1
-0.113128314,1.882561463,-0.247141135,0
-3.01524951,1.628297337,NA,0
-0.332849603,1.849756817,0.467387946,0
-2.348326653,0.495574864,-1.049944415,0
1.656946717,-0.71340767,0.018074505,0
2.214853197,1.923988075,NA,1
1.873566607,1.830009766,0.569268522,0
-0.099843315,3.814240712,0.775315301,1
0.793163736,3.995984508,1.190566859,1
-0.831045913,0.871450268,0.025499128,1
-0.581285258,1.474668763,-0.230582993,1
-2.221150047,1.306533762,0.00071598,1
1.675888269,2.979741816,NA,1
-0.303343924,0.036642084,-0.375553337,0
-1.504588247,1.861056955,0.072642227,1
-2.189012313,1.573282324,-0.541973618,0
1.020466844,-0.17804025,0.070741856,1
1.732438629,0.739627126,0.322736768,0
2.572762992,3.348458057,NA,0
-0.221384803,3.070111543,2.060207357,0
1.145142588,0.241107743,-1.537061165,0
2.05472382,3.121319352,1.065235878,0
-2.492499217,2.584784623,NA,1
2.335488057,5.927233265,NA,1
1.506984581,3.247200203,1.044375084,1
-0.064570839,-0.726890665,-0.879910342,0
-0.036764578,2.297405386,-0.2521915,1
-1.186311595,-0.950590161,-0.01849044,0
-0.720998924,0.884459875,-0.641395293,1
0.085728053,2.478205619,NA,0
-1.406643821,4.069575192,0.682397151,1
2.399454454,4.027541352,0.902885984,1
1.385951654,3.723296231,1.558254698,1
-2.055824445,1.045487582,-0.851469701,0
1.964708614,4.48112208,0.891828297,1
1.819885256,2.5825526,0.363774005,1
-0.089326954,1.985194265,0.24937552,0
2.715348238,3.01059303,NA,1
-2.29887293,1.926669866,1.004426567,0
-1.359504115,-0.320435999,-0.188586884,0
3.222365794,3.614437322,NA,1
1.426865307,1.364918813,-1.144136963,1
-0.828244639,0.528911661,-1.204887277,0
-0.34745699,-0.974090781,-2.199603017,0
1.296431284,1.573697374,NA,1
0.019868991,1.533022891,0.218842745,1
-2.547350008,0.544267973,0.283997792,0
-1.179955485,1.161729764,-0.907216916,0
-1.275159578,0.431340582,-0.194693273,0
-2.478390312,3.508633844,-0.071961119,1
-1.404428854,-0.04908865,-0.535785971,0
4.227664164,2.1919303,0.896605514,0
-0.747679057,0.022165469,0.212201982,0
0.628692808,0.91225495,1.364412463,0
0.774806065,2.086724626,0.58733921,1
2.406134994,2.38214014,1.337852404,0
-3.67730548,1.391597517,-1.510343319,1
0.135902925,-1.354626626,NA,0
-3.168193309,-0.407998079,-0.998128744,0
-2.540229715,3.009409659,0.780996811,0
2.872003137,1.673093789,1.065366756,0
-4.406129543,1.241587307,-0.162856881,1
-2.267808612,1.573285171,-1.198866274,1
-0.67138679,3.885767678,1.787481947,0
4.957828008,3.116646355,NA,0
2.023900368,2.464976021,NA,1
0.529830601,4.486059062,0.514281657,1
2.482719689,2.967155984,NA,0
-1.220747622,2.090673836,NA,0
-0.302574732,0.774913774,NA,0
0.421081793,-0.70227431,-0.209556431,0
0.406386623,3.560935784,NA,0
0.615613991,4.197989495,2.086017149,0
-2.516501845,-1.270558575,0.075960334,0
2.365326472,-0.179828995,-0.193027003,0
-0.272915217,0.873488057,0.261008308,0
-0.160202176,-0.250629444,-0.521639168,0
-0.464517381,1.351961183,0.276836772,0
0.411800085,3.117652959,1.127795743,1
0.240506682,4.189997726,2.14318616,1
-1.193667535,3.013900125,1.429873157,1
-1.503478393,0.096196078,-1.22274249,0
1.911742488,2.600198555,1.335550655,1
1.451563147,3.774745035,0.806525454,1
0.537148978,2.958025308,0.462888447,1
-0.652808923,-0.126501572,NA,0
-1.15300561,-0.321262539,-2.034575613,0
-3.094934309,2.122188673,-0.78898455,1
-0.834402699,0.945879148,0.000464248,0
-0.745745657,0.927134076,-0.334154673,0
3.843832662,4.111650307,NA,1
1.385495761,2.486514281,NA,1
-0.630908616,1.382765437,-0.213798266,1
-2.269888753,0.49426508,NA,0
-0.488282493,0.94676177,-1.953059351,1
-0.172803336,2.360773302,0.042679096,1
1.459119999,2.52820005,0.952175239,0
3.490891534,1.548768958,1.056716428,0
0.862114859,2.134270753,-0.082510757,1
-2.949279181,0.653146469,-0.415697187,0
1.942858476,1.48440174,0.719890397,0
2.300293979,1.481119729,0.363144173,1
-1.531078388,1.851677257,-0.863015253,1
-0.628088116,0.622085393,-0.773860826,1
-0.925482654,0.514861941,-1.183566007,0
-5.265154062,-0.637588253,-1.047878291,0
2.362284353,4.15169907,NA,1
2.499450588,3.169922068,0.120963537,1
0.237312963,3.897723596,0.890625432,1
0.063787691,-0.349938955,-0.207035885,1
-1.902369015,0.509098436,0.112425817,0
-0.980988309,3.808997963,1.098018115,1
2.557897806,1.399329559,0.72148437,0
0.243201885,1.010829448,0.001770388,1
-3.319553168,1.738380306,-1.244504194,0
-0.962304559,-0.772383634,0.134772058,0
-1.318041958,2.473904077,0.213231406,0
0.905882875,1.157976588,0.570453259,0
-1.857437246,1.047158839,0.097386731,0
2.114661981,1.036732557,0.430493107,0
-1.046177415,0.408641103,-0.163564894,1
3.076968431,3.621619615,1.40135095,1
1.609862801,3.984878782,NA,1
2.304958566,3.891475687,1.362574975,0
-0.235677704,2.911006395,NA,0
3.641265609,2.424853217,0.781327265,1
-1.934686986,3.664234619,-0.017314366,1
-1.913957085,-2.797972361,-2.160130579,0
3.976794669,3.470863849,NA,1
0.673517272,-0.632865312,-0.296467556,0
-0.920880935,2.842568158,-0.321391102,1
0.437042206,3.868481793,1.583048896,1
0.857802109,1.634264729,-0.384916562,1
1.985986032,-0.860093759,0.244958314,0
-4.269083052,0.862663637,-0.941597735,0
-0.858782436,0.553344931,-0.346856076,0
2.163681121,2.071713102,0.061007548,1
1.183937439,1.048603722,-0.749644608,1
-0.036840266,2.471558769,NA,0
-0.38847502,-0.010575328,NA,0
2.313951496,1.991220496,0.859120787,0
0.592899205,4.47073507,2.237720863,1
-1.709854659,0.517937637,-1.287205013,0
-5.481282077,-1.484224754,-2.683834475,1
0.115261859,3.096821829,NA,1
-1.055081238,-0.752088826,NA,0
-0.414896567,-0.070199063,-0.590572064,0
1.338422609,1.701665229,1.501927046,0
5.513828947,2.708495331,2.047828567,0
-3.117629916,0.257940999,0.56107533,0
-0.059228496,1.454460188,0.716435947,1
0.126445333,-0.058356731,-1.597048665,0
-0.669404798,0.214166132,NA,0
0.130249079,4.641822361,NA,1
4.336834051,4.332371395,2.040428609,1
0.624766122,1.602923015,0.521063306,1
2.455739411,2.105183216,1.304110177,0
-5.606481169,1.723764386,-0.411791118,1
2.696830171,2.132508846,0.910902235,0
3.033581911,0.593926751,0.575209108,0
-0.682452798,3.02024975,NA,1
-0.018514582,2.810393251,0.573223717,1
-3.29471788,0.641768673,-0.976362918,0
1.630971606,2.351905306,1.091235505,1
0.042470466,0.15448187,-1.215565196,0
-2.069184002,-2.325898219,-2.736949808,0
0.284112423,-0.309024659,-1.114340176,0
-1.437505899,4.279284207,1.519154618,1
0.709194918,-1.127628531,NA,0
-3.084576704,1.33348548,0.782474594,0
2.599863913,4.873254393,1.961061132,1
-0.8020585,-1.671928308,NA,1
-2.35094416,1.273836767,-0.332071084,1
0.943651898,0.981468282,NA,0
2.78631004,3.042461048,0.041550081,1
0.593187617,3.464265963,0.188148318,1
2.744716762,2.884768521,1.194209219,1
2.622081393,3.041784464,2.108410845,0
-1.444339732,0.024188222,-0.370177742,1
1.259379897,3.635692203,1.422693976,0
3.131239764,5.153111316,2.028677773,0
-2.461232514,-0.122733979,-1.002673232,0
3.321988501,2.038570755,0.48205919,0
-0.369467068,2.005005707,-0.051775671,1
5.474868044,4.418423892,2.932604973,1
-0.942294438,0.221312744,0.165230343,1
0.226330981,2.30651326,-0.507506367,0
0.168126616,-1.856728987,-2.407847753,0
1.841485603,0.443436468,-0.374124702,1
-0.733294729,0.686635243,1.591655528,0
0.177807048,3.583064575,0.868977081,1
0.888602864,4.978941768,0.573016196,1
0.475280894,-0.456742676,-0.367789477,0
2.450055246,2.861961392,0.691188594,0
1.823256249,2.326924239,1.017717706,1
-2.957257678,2.054145002,0.596325033,1
0.018431579,-0.253570796,-0.597157402,0
-1.021834599,0.588065156,0.179940548,1
-1.786444862,0.330080215,NA,1
-0.249946264,2.655281588,0.352916373,1
0.379153553,-0.940236301,-1.35857639,0
2.141462261,1.484033941,0.453385484,1
0.115269309,-0.407045837,-1.071008832,0
1.169924434,1.224146435,-0.165941755,0
-0.26342771,0.896890075,-0.115115624,1
-0.868232854,2.201200727,-0.252960187,1
-4.470917927,0.80039186,NA,0
-1.521357951,0.934749455,0.050928569,0
0.170897002,0.050558948,NA,0
0.074791697,2.270592122,0.226650899,1
0.900236431,0.568343378,0.59388557,0
-4.190516369,2.496675271,-0.103006136,1
0.515158597,0.315059908,-1.718921612,0
-3.515450272,1.905947062,0.513979857,1
0.017825631,-0.723400107,-0.235128634,0
-1.851736691,0.333118646,0.664754129,0
-2.217711474,1.193696773,-0.600428745,1
1.884961909,1.114691665,1.473886805,0
-0.480351646,-0.15621837,-0.814680834,1
-1.042029959,1.003804374,-0.752121642,1
-0.176349335,-1.658507289,-1.240015755,1
3.138530617,5.140590712,2.054056349,0
2.350664879,3.339967909,1.761110693,1
2.257871055,1.517043467,NA,0
-0.899287004,2.774748562,0.464988737,1
-1.159783023,-0.623640522,0.009592352,0
-1.2295808,-1.91743482,-1.319037297,0
0.336026808,2.785327125,0.23658891,1
0.234318341,1.838327317,1.085449206,1
-0.917141482,-1.385267363,-2.830773858,0
4.098763153,3.293572981,1.657279643,1
-0.811105363,2.775849781,NA,1
-3.017421933,-1.771419284,NA,0
3.239827827,2.282699191,0.043784832,0
0.670031972,2.196822651,0.320445516,1
-2.896158074,-1.653187185,-0.99346532,0
0.390384645,3.480716912,NA,1
3.706576914,2.066646489,NA,1
0.836272236,2.726657971,0.980837773,1
-2.122929427,-0.047487498,NA,0
1.23144075,0.653153296,-0.122333542,0
-1.558053378,-0.986576479,-0.113685724,0
-0.110859372,-0.895433099,-1.066027099,0
1.148904007,1.951017265,NA,1
-3.197360861,3.025549305,0.392790863,1
2.980274841,3.659326203,0.235150937,0
1.440868826,2.668672418,0.766029224,0
2.310818047,0.154119943,0.047568592,0
-1.511750231,0.374120711,-0.117209423,0
-0.965524421,1.83454283,0.072646577,1
1.651526451,1.841905886,0.295752189,0
-2.652083781,0.630317587,-0.592964629,0
-1.041535064,1.016090685,NA,1
2.202291466,3.452907179,1.916802237,0
-1.996835315,0.430665165,-0.887492223,1
1.190092544,3.312814079,2.279968145,0
1.344593777,-0.426193862,-0.916490209,0
3.137036815,2.028111694,0.313419861,0
3.341586944,4.318137615,NA,1
-0.057721862,-0.094322455,-1.281231075,1
1.347980164,2.416722523,0.644248605,1
1.720062452,4.051682629,3.218240811,1
-1.953624585,1.402124305,0.202336301,1
3.20069888,4.508762446,2.67193357,1
-0.591742829,0.400031733,0.525782318,0
-1.505044408,1.823191881,NA,0
0.571351231,2.025066859,-0.299590031,0
0.650802194,3.054898915,0.102952935,0
2.326930695,2.321335788,2.415738745,0
0.15504857,-0.260104482,-0.14213437,0
3.628539958,4.019617629,1.079251423,1
3.897420095,5.190567098,1.290621272,1
-1.525419731,2.341202592,-0.600451585,0
-3.665116431,0.706439266,NA,0
3.109405525,3.088734359,2.111310829,0
-1.947508506,2.276352507,-0.519256533,1
-1.033935866,1.559598095,0.754037653,0
-0.749620465,4.201641575,0.548852928,1
-2.195388866,1.136394455,-0.46365728,0
-0.662850968,0.434277878,-0.325210933,0
-0.62672587,1.741046662,0.953033668,0
1.928248328,3.926428831,1.436187928,1
3.638504684,5.356162412,1.658312431,1
1.455071097,3.198227335,1.089597478,1
-2.338237772,2.609452324,NA,1
-0.477730158,1.297897791,-0.66739997,0
1.546231475,0.52693039,0.437365063,1
3.436454559,-0.584229436,0.242391067,0
-0.55687137,2.976240421,0.243739657,0
-3.525614768,0.869540247,-1.156679228,0
3.864402381,2.265046281,NA,0
0.206297376,3.356779516,-0.271513251,1
-2.16692263,-0.445196117,NA,0
0.669307461,2.313634223,NA,0
2.863938575,4.137591403,1.080444234,1
-0.413905482,2.326787207,0.241531514,0
-0.575637021,1.808121562,0.77607503,1
-1.641603902,3.134855158,-0.989431693,1
0.880966512,2.032314251,0.646501561,1
-0.343069643,-1.943513129,-1.032929018,0
2.084125804,1.662685567,0.714189867,0
1.819196221,4.441682126,0.991966511,1
-0.479700588,2.678344068,0.753510884,0
-0.347925924,1.567216472,-0.375923006,1
-0.046652107,-0.213633207,-0.293208266,0
-0.026728271,2.011304142,0.59998585,1
3.564652102,5.419181459,NA,1
-4.505188077,-0.315419926,NA,0
-1.202354883,0.636893238,NA,0
0.734166134,0.648438,-0.344202489,0
-3.382076204,2.213897469,0.240054383,1
1.146594518,1.900328125,-0.406914453,0
-3.681014193,-0.463930476,NA,0
2.527790502,0.659643314,-0.517363317,1
-3.912851567,0.308947831,NA,0
1.491627892,0.074297871,-0.613465402,0
1.027552125,3.527152524,1.569595155,1
-1.024674309,1.849525827,-0.297315767,1
1.629388455,2.362322577,0.433311518,1
0.856278571,2.210958492,0.516583079,1
3.893247472,4.527713361,0.986695101,1
0.750111475,1.088147806,0.143495334,0
-2.752517002,1.617051541,0.911482925,0
-0.244884898,2.559606487,1.461174486,1
2.616428345,1.776192353,0.348984415,1
2.639009299,1.20482149,0.782372619,0
5.462637748,2.25761094,NA,0
-3.186283495,1.194363405,0.394911452,0
1.118435906,4.552468218,1.222539427,1
-0.139520712,1.634223851,-0.008721158,1
1.492931201,3.035926754,1.076382021,1
1.723649313,2.412209963,0.119601081,0
-0.703218176,1.659004262,0.53991766,0
2.755115578,0.462056289,-0.878937406,1
2.02987089,2.586252591,0.721300577,0
2.695149334,1.311071825,0.218205635,1
-4.052054727,-0.406067063,-0.827726056,0
-0.098460505,-0.225533531,-0.02770355,0
2.190635885,-0.581343867,0.040622859,0
0.220907153,5.021689398,1.113461553,1
2.104178146,-0.219217226,-0.660565272,1
-0.041986787,-0.373056897,-0.170330008,0
-0.957138456,1.024930233,NA,0
-0.257211614,3.105999188,0.526748749,0
2.22867617,2.692736904,1.373498165,0
1.086696667,5.378443937,2.130160876,1
1.223085004,-0.200960714,0.071699368,0
0.834597656,3.696098502,NA,1
-0.878180973,-0.27040609,-0.360380018,0
-1.515394265,-0.811995411,0.190400116,0
-3.675711363,-1.444636467,-1.49188313,0
-1.191225059,1.692146812,-0.337421368,1
2.645595856,0.982461657,1.156446272,0
-1.798251824,2.538186813,NA,1
2.650499029,1.342238717,0.16472247,1
-0.451405159,3.072187895,1.010678091,1
2.033051896,1.602767506,1.469219443,1
1.391479221,3.905287134,NA,1
2.580441288,-1.076237439,0.022421492,0
-1.066158263,0.01327051,-1.640113339,1
0.951631321,1.157696293,NA,1
-0.448880928,1.060041312,-0.423176685,1
-1.340914142,0.276939329,NA,0
0.497025367,3.949413376,-0.235297261,1
-2.126499914,1.695627463,-0.16409588,0
-1.542991406,-1.715876468,-1.304591719,0
-0.229688121,0.695496794,-0.983994616,0
-0.061915577,3.458816488,2.040074388,0
1.498676585,1.1991857,-0.059943037,0
-3.009051302,0.594697073,NA,0
2.971598745,3.228204147,1.230660958,1
2.682790771,1.371617751,-0.534051046,1
-1.307664329,1.538744882,NA,0
-0.08890681,1.086174934,-0.739642417,1
0.29345603,0.171198229,0.138052731,0
-0.173970161,2.177146242,1.46861276,1
-1.219344654,0.545482479,-0.159310951,0
-0.86576007,0.017304527,0.168174823,0
-1.474548965,2.484844067,0.661174609,1
0.530534951,2.341101082,0.539826997,1
-2.805481373,-0.390472255,-1.107979956,0
1.741822949,4.916688631,1.465775171,1
2.583964759,1.749022285,1.14411969,0
0.663150571,1.278020332,0.469063575,1
6.020091647,1.825602769,0.655014013,1
1.833667911,2.586281279,0.332586336,0
-1.686427313,4.562851549,NA,1
-3.328908967,5.074576571,1.404533227,1
0.095919236,3.169178017,0.293235137,1
-0.135521635,3.096360691,0.683468438,1
1.848917422,3.806834666,0.636099619,1
-0.108458605,0.485046382,NA,0
5.341785919,1.796832225,0.245657114,1
-3.324613677,0.868290719,-0.387238705,0
-1.763602739,1.375633046,NA,0
-0.735266453,0.94940831,NA,1
1.195660931,2.607310949,0.394550263,1
-0.588220047,-0.18362243,NA,1
0.835913905,0.999618696,NA,1
-2.406337973,1.666507207,NA,1
-0.849648508,3.896661863,2.802605617,1
-4.457348274,-1.557339735,0.129434799,0
0.191185436,-0.890163235,0.012970338,0
2.518726532,0.260375315,-1.049379988,0
0.790132833,1.387307547,0.134163673,1
-0.608027263,0.600010201,NA,0
1.393458331,1.185695503,-0.319953499,1
-0.067749315,1.891924123,0.120515911,0
-1.569684935,0.293886013,NA,1
-0.84501688,1.273035448,NA,0
-0.436502496,-0.716194499,-0.247820055,0
1.19270975,3.463221973,1.816674869,1
2.586591761,2.661997659,NA,1
1.315415519,1.81207974,0.148647605,0
-0.393017638,0.77539268,-0.41005165,0
0.515179033,0.888774904,-0.037004127,0
-3.372992826,-2.25748991,-1.858420666,0
-0.224479698,3.291500566,0.407208111,1
-1.924303197,-1.255356029,NA,0
-0.548952984,2.875911731,0.794853095,1
-0.138177995,1.984503559,0.337030058,0
0.614498817,1.621248602,0.127122548,1
1.393635919,1.714939399,0.581695999,1
-0.159125455,-0.736185499,-0.095902985,0
-1.582021552,0.444937902,-0.4746653,1
-1.125671019,0.118451996,NA,0
0.493148106,5.382810111,1.505363936,1
0.946806805,-0.164680975,NA,0
-0.548814152,1.914948994,NA,1
-0.150565789,4.484758092,0.338188523,1
-2.915475018,2.724772707,-0.352945166,0
2.418437584,-0.326235386,-0.572309709,1
0.179235717,-1.273766021,-0.502297203,0
0.730625083,0.767869726,-0.319315953,0
2.204776951,0.430109364,0.130479914,0
-0.85719404,0.396994346,0.138803627,0
1.938027199,4.828787224,1.407108259,0
-3.327095243,1.53383195,-0.186333066,1
2.096166485,1.626224674,NA,1
0.944264936,2.72233415,0.927132275,1
3.009124307,2.317064426,NA,1
-1.400900272,1.881062437,0.068230845,1
2.61302251,1.278011131,NA,0
2.356490616,0.93528431,NA,1
2.780989247,-0.100378889,-1.032148737,0
-0.098150452,0.811172654,0.773307961,0
3.42715726,2.544645595,0.229028722,1
3.011950941,3.356620483,1.21181396,1
-1.487215337,-0.167765808,-0.713411572,0
1.126052529,2.863892483,0.381089731,0
-3.254695228,0.125943824,-0.64903493,0
-1.825217915,1.185204239,0.300455271,0
-1.660292709,2.360791865,1.095982226,1
0.342643571,0.721459201,0.261943832,1
-1.232779457,-1.641664481,-1.372331502,0
-0.626687144,1.385223411,-0.912669864,0
0.1157453,0.712896055,0.015755988,1
0.655699878,3.590662281,1.021476971,1
-0.785390329,1.221750352,0.032383487,0
3.404711096,3.98859675,2.054783944,0
-2.383733353,0.623366702,-1.047382159,0
0.340113966,3.242041137,NA,1
3.276453379,-1.110926606,-0.639964853,0
-1.280524329,-0.445363927,-1.410511575,0
-3.807178718,1.147668647,-1.427957207,0
4.891487709,3.550460606,1.982785091,1
3.168428342,1.780661672,0.110296713,1
2.212739881,1.559341322,NA,0
-4.02822219,1.600559639,-0.527946886,0
-2.086272421,2.722099335,-0.075222523,1
-3.855250495,1.026886179,-1.6710426,0
0.401483186,-0.225783507,-0.46533967,0
0.638487415,3.607577809,0.199132739,0
0.526694611,1.247077365,NA,0
0.147474245,0.013845961,0.375647557,0
0.713354674,0.659155188,0.867755432,1
-0.714574978,2.520262844,-0.336525598,1
3.65669059,4.169978221,0.658771903,1
1.399489991,1.884551018,1.141672504,0
4.742045138,2.804922743,2.4068782,1
0.522572268,2.115271996,1.215318285,0
3.681398642,1.206334205,1.280658408,0
3.958323225,1.630215406,1.516418066,0
2.248603755,0.713496564,0.424520778,0
0.679909467,1.076189197,-0.651784981,0
-3.229768713,1.100837804,1.027848769,0
1.522094174,1.779488345,-0.836151444,1
2.304063778,4.126711144,1.495529147,1
0.169126833,3.788511781,0.530812217,1
0.162255942,4.749823308,2.910738929,1
3.017557959,2.829523406,1.63029458,1
3.454260283,1.740836531,0.244455461,0
-1.174158491,0.462684907,-0.343137217,0
-0.78400962,0.076207115,-0.731082393,0
-1.89534449,2.479692341,NA,1
3.801865792,6.217602163,2.594612234,1
0.610911644,4.051224251,2.137467405,0
0.415406168,2.022172036,0.695054621,0
0.469397483,2.401669068,1.048101389,0
-2.101631976,2.846943923,0.295139172,1
-0.979319155,1.200906189,-0.281027611,1
-0.805909086,-1.360322907,-0.825358058,0
-0.18864221,4.339975356,-0.225309652,1
-1.271626329,-0.907356655,-1.697155551,0
0.266109249,-0.06369813,-1.232132119,0
-0.724111987,0.971855292,0.482359654,0
-0.617625578,0.368248049,-0.446340987,1
-0.902070661,-0.602840336,-0.546919037,0
0.769951668,3.186649749,1.724768154,1
0.552216185,1.974924854,NA,0
-1.859532833,0.594589827,-0.697548871,0
0.527340293,4.085577216,1.280562708,0
-0.4288881,-0.850024406,-0.783759209,0
1.342946732,0.759030549,-0.181852729,0
0.976742159,0.648523305,0.147670635,0
-2.152822815,1.761232561,NA,0
-0.868618998,2.131783964,NA,0
-1.310845697,1.404472845,-0.528059695,0
0.130867506,0.288688363,-0.178081873,0
-1.322703146,1.770319946,0.056728032,1
-0.708627755,-1.091706341,-0.449786704,0
2.442461034,3.409173799,NA,0
0.981754011,2.139209558,0.035215408,1
3.927333743,2.318148239,1.486541048,1
0.105241682,1.872121833,0.262173051,1
-1.427767073,3.132527417,1.447792385,1
0.220728168,3.578712822,0.751068117,1
1.723426241,4.18550875,3.412811723,1
1.695177222,1.377329361,0.681866573,1
0.341915068,3.052518098,NA,1
5.703727336,2.088940638,1.318590756,0
0.999827553,3.23141295,NA,1
-0.415531648,4.476687057,0.746879764,1
-1.967693583,1.069951358,-0.108149365,0
-1.136019903,-1.232168119,0.046592272,0
-3.353075165,3.351821747,1.078212154,0
2.179463168,1.075069962,-1.359249444,1
1.325689401,2.605144192,0.908931714,1
1.410210509,3.084456208,0.768869497,1
-1.145030004,2.007043783,0.922034784,0
-0.808017253,1.712787447,0.505465551,0
0.976958649,0.998169625,1.010848167,0
3.034639406,0.763560725,0.938981653,0
-0.156270175,-1.044958245,-1.215557688,0
0.482447838,1.483099629,0.779947165,0
-2.005053845,1.939245844,-1.106920449,1
-0.810322463,1.993386421,0.7263666,1
-1.515004474,1.164722875,-0.628630011,1
-0.617369579,0.484753876,-1.319098304,1
0.568446258,1.569781023,0.149397226,1
1.261873554,0.885671578,-0.222327735,0
2.283359848,2.89618783,NA,1
0.940242788,4.325506768,0.887053883,1
2.510499865,1.803599664,NA,0
0.266233794,2.416568334,-0.388006968,1
1.348154348,3.801651039,NA,1
-2.276179695,1.05131635,-0.483118274,1
-4.574683687,0.293100511,-1.129220635,0
-2.122979458,1.632997993,NA,1
4.609512671,4.523486797,2.740726257,1
0.450109613,3.524149304,NA,1
0.274613102,0.13592667,-0.056000451,0
-1.314698948,3.265203186,-0.0213518,1
-0.779839033,0.755854635,-0.837023286,0
1.004734546,2.835470394,0.738094141,1
0.905278485,0.716000444,0.042245798,1
-2.369473995,-1.664410876,NA,1
-1.579978865,1.20876494,0.032649958,0
-1.057230548,3.502497943,NA,1
1.667113303,1.752093343,NA,0
1.50497,0.736288206,-0.105344954,0
-0.267432832,3.178395079,0.518945547,1
2.035053691,4.150618481,1.230797208,1
-1.349964007,4.052256752,0.8060779,1
-0.850169196,1.755137473,NA,1
0.086287084,6.208682284,1.736178039,1
1.016478868,1.88637357,1.78617204,1
0.166001642,1.604336765,1.371625791,0
0.648038944,3.950360317,1.529747159,0
1.858852851,4.69867149,1.009610731,1
-0.013002262,3.178519656,0.229650738,1
-0.901262005,1.978086914,-0.404839261,1
-0.197013485,0.567177981,-0.050590929,0
-0.193674862,-0.670194949,0.287192675,0
0.35875751,-1.232743518,-1.803077332,0
2.244035007,4.224793247,NA,0
-2.53385725,-0.728781602,-1.892493345,1
-0.808978384,-0.207213811,-0.309347402,0
-0.103740738,0.85659047,-0.659024149,0
0.128705274,4.542642655,1.141942974,1
1.780525104,1.674527228,-0.098344586,1
2.000503559,1.746376883,0.991591607,0
-0.10548602,0.861522691,0.00014123,0
3.663943701,3.56770812,1.92649392,1
-3.794477594,1.685644967,0.208726216,1
0.667859167,3.326197449,0.917546246,0
-0.262257397,1.219288254,1.55292125,0
2.233311714,0.482830361,-0.570680154,0
-1.87950321,-0.113682477,NA,0
0.32755355,0.486743873,-0.257092112,1
-2.391633155,-0.095102652,NA,0
-3.320801932,-0.754579533,-0.937307454,0
-0.636346778,-0.053971317,0.106752201,0
-0.74446445,3.443517934,0.66321244,1
-1.147340765,-1.934038997,NA,0
1.027517972,2.407698712,0.741329358,1
-2.901975046,-0.586664576,-0.928477013,0
-0.940822466,3.398260741,NA,0
-1.233767978,1.626702258,-0.231361194,1
1.754314083,1.245439261,-0.213082589,1
0.755766486,2.010492391,0.562582127,0
-0.891126549,0.199489052,NA,0
-1.261354103,0.274904451,-0.244830477,0
1.728588652,-1.553096204,-1.041069922,0
-0.274964652,4.20310361,0.515226557,1
-1.767356589,-1.360285495,-2.056504813,0
-2.193946257,1.357787402,-0.523816654,1
1.475277396,2.121201896,0.659698356,1
-0.560461985,2.118037609,NA,0
1.938592686,1.533591286,0.483300267,0
2.676184102,3.848835258,1.253943242,1
0.150204873,1.71425938,-0.111343013,0
-2.421115676,3.607013248,NA,1
1.845666685,2.769019145,0.568178668,1
2.523165305,3.250430575,1.500501904,1
0.312252951,3.011507437,0.380445779,0
0.402777902,1.160433013,1.424004073,1
-1.231908373,0.346493008,-0.215382571,0
2.051802287,1.427740548,1.281622648,0
1.812515945,3.424773589,1.721178956,1
-0.726590506,3.21180605,NA,0
0.244218847,3.564740808,NA,1
0.860622213,0.645152097,-0.04618682,0
-0.082327363,0.758840571,-1.23883738,0
0.32430152,1.982650204,-0.939724608,1
3.082417757,1.743658798,0.781814277,1
0.459939587,3.213969754,NA,1
2.270650438,1.520373245,0.748314946,0
1.520058231,1.777681004,0.369129778,1
3.283731089,3.849528701,1.997875034,0
-0.057749202,0.580096591,0.350110318,0
4.012859338,2.486065526,NA,0
2.277292571,5.506033973,NA,1
0.53991737,3.079986125,0.70559204,1
2.635393757,3.736926674,NA,1
0.840970544,2.16095752,0.176281471,1
3.751169025,2.467748724,NA,1
2.930782327,2.422213217,0.351511849,1
1.067993597,3.310238999,0.482635658,1
-0.740497384,2.22108362,0.72322402,1
-0.946708252,0.297655961,-0.66812562,0
3.391365641,1.199593339,-0.457845888,1
0.589106497,-0.280864619,-0.421177779,0
0.289215628,1.024675943,-0.474160119,0
-1.342541972,3.019037081,0.554960134,1
-1.038482212,0.85529516,-0.061526245,0
0.088019199,0.444917104,-1.628281491,1
1.251072503,4.129179533,1.5897456,1
3.345543766,3.477467278,2.210973479,1
1.204665745,2.702359607,0.38848234,0
0.383541329,-0.244246959,NA,0
0.590606841,2.111200165,-0.102387222,1
6.599493975,7.421693204,NA,1
3.064077562,-0.353417833,1.044422024,0
-2.150051047,-0.218501243,NA,0
-1.729103078,-0.982971968,-1.058226832,0
-0.177582592,0.63563865,NA,0
-0.764901666,2.400314529,0.858846372,1
-2.350315335,1.559158025,0.139272986,0
1.094179061,4.581705343,1.716070995,1
2.490750095,2.138146812,0.006860043,0
2.573236167,0.850284938,-0.271784565,0
-0.967014769,3.605331256,-0.158789845,1
-5.04509449,0.089844809,-0.953401465,1
0.495652944,2.41009338,NA,0
-0.395625211,-0.191233419,-0.932873405,0
-3.005974084,1.783834055,-0.223608719,1
0.066277183,0.80392835,-0.36880288,0
-0.257021246,2.788289808,-0.078488465,1
2.700805249,2.317868417,1.273404974,1
-1.500590133,0.344407797,0.087576911,0
1.116501018,0.520807161,-0.288694646,1
-4.291976486,2.061000508,-1.186624399,1
2.243962103,3.196932128,1.572271385,1
1.807225927,3.497809176,NA,1
1.588175904,3.115107054,0.82921363,1
0.806659052,-0.738848841,-0.091462622,0
-0.005340666,1.615188576,NA,1
-1.90351963,0.827335376,0.118481623,1
-0.091696276,1.260936791,NA,1
-1.964610256,3.432650193,0.526090788,1
-0.787359866,3.196954819,1.323060477,1
0.209351813,0.480728268,-0.828724233,1
-1.395212613,-3.500788486,-1.0333617,0
-1.165449513,1.543289378,-0.026048546,1
3.487707786,2.417266376,NA,0
0.851158395,-0.692124782,-0.951511384,0
-1.933955723,2.950238003,-0.380493737,1
4.960972267,4.655594198,NA,1
-1.103871461,2.049862227,0.350952805,0
0.943911641,0.231106937,-0.64996047,0
-1.306430099,0.121449627,NA,0
0.250667448,1.056648672,0.533476196,0
0.009003578,1.107020825,-1.127585033,0
1.102406251,1.884121984,0.407739418,1
0.752313912,1.306795033,0.679728377,1
-0.288423827,4.172590713,1.274400761,1
-0.569947212,3.130608481,NA,0
2.798746451,1.796796886,1.685830483,0
-0.69037467,0.841654734,-0.274290748,1
2.804183661,4.949138649,3.309430217,1
-1.168852198,-0.289068525,-0.503521274,0
0.712151817,3.357317231,0.208565753,1
2.493682804,3.119719734,0.494603046,1
-2.518606718,1.464538471,0.49117614,1
1.909191891,3.713390317,1.014932898,1
0.224358134,3.269922981,1.629329531,0
-1.502080573,0.548972851,-0.557477454,0
-2.82972739,-1.525944228,-1.836188957,0
2.133991459,1.501556977,NA,0
2.543716008,3.929540693,2.19977486,0
1.875699315,3.07202502,1.57443355,1
2.297640355,0.14007734,0.905689315,0
-4.364083751,0.941415183,-1.148501377,1
1.345023901,0.657308072,NA,1
-0.110824772,-0.663798039,-1.661733693,0
2.256557868,1.749422533,0.301161302,1
0.0206843,0.076014746,NA,1
1.129797589,0.473165112,0.886262719,0
2.816561168,2.431093651,NA,0
-1.158352418,0.833505389,-0.19278282,0
2.397213183,-0.126952041,0.261996876,0
1.8594794,0.863316287,-0.504289673,1
-0.735674509,-0.701852309,-0.094997005,0
0.558210826,-1.694655245,-1.258712714,0
0.09213141,2.892475159,-0.312175778,1
0.84175493,1.004276636,0.155380939,0
-5.70157086,-2.237265621,-1.782541203,0
1.133422258,1.322498714,-0.638074361,0
2.043268331,4.272765023,NA,1
-0.942368942,2.492824739,0.509263451,1
-1.766326532,2.421599176,0.92320934,1
3.618632424,1.924988163,0.540215808,1
-1.047680273,2.966121598,0.592054386,1
-0.518708438,-2.119769197,NA,0
-2.274595891,0.454156627,-0.366641146,1
2.093039154,4.230341066,NA,1
-0.455238691,0.332074713,-0.156155991,0
2.472820881,4.209857894,NA,1
0.552719751,3.659802365,1.579586899,1
-0.508295067,0.912074515,NA,1
0.134230107,1.16369283,0.651786789,0
-4.560019538,2.130704876,-0.93256654,1
-1.932880307,4.555227979,1.438433765,1
-0.699294412,1.622343584,-0.839864263,1
1.155181743,4.500578066,1.663465892,1
4.549492544,1.393504293,0.346317863,1
-0.225044895,3.082297802,0.78378024,1
0.769265177,0.768586194,-0.556884628,0
-1.581921087,1.853794976,-0.428400879,1
1.685917226,4.343490705,1.351661042,1
1.575307563,0.878173367,-0.371877601,0
-1.684911265,-0.000522759,NA,1
-1.334579662,-0.330265703,-0.751275054,0
-3.008429872,-0.333519265,-1.910709188,0
2.832957898,0.39542794,1.148195759,0
-0.489111091,0.773998391,0.426468369,0
-0.601270513,0.370026869,0.584750366,0
-1.362225169,0.353086951,-0.68712678,0
2.100045041,3.345890731,1.072197548,1
-0.989405205,2.627144373,-0.73259385,1
-2.940403175,-0.153612872,-2.010883051,1
0.204835741,1.921230021,0.596545378,1
0.261038452,1.143948086,1.281555045,0
3.667010205,2.246743587,0.235446951,0
0.235170732,-0.62612233,-0.56064095,0
1.821825424,2.354526289,0.319357445,0
-2.476586578,3.100350099,0.173128784,1
0.154341157,1.033017674,-0.309475082,1
0.858386622,1.637090523,-0.501236513,1
0.41784084,1.555265056,1.02444864,1
-1.735168369,1.831263316,0.509546399,1
2.373748375,2.513537114,NA,0
-5.626264163,-2.34641248,NA,0
2.661491019,3.62429652,1.185635281,1
3.103548116,5.026365035,1.865916796,1
0.025023808,4.736756908,1.424865217,1
-0.424598695,2.063864464,-0.671492842,1
-0.185017668,0.597427596,-0.738817149,1
0.560916198,-0.124473997,NA,0
3.998397584,3.07799039,NA,0
-1.459875873,0.013635503,-0.818221442,0
-0.1127456,1.537198512,-0.792285493,0
0.278287945,6.232984954,NA,1
1.168670344,3.420267063,-0.155900701,1
-1.178906569,0.890444428,-0.988931516,0
-1.764111522,1.280620945,-0.102494632,1
1.238442679,3.541047376,1.737537583,1
0.5253389,-0.111084794,0.395709539,1
-0.914454216,0.884893308,-0.519930759,0
-1.387574305,-1.18684559,-1.027701555,0
1.363506224,2.375364665,0.824004217,0
-1.465438877,-0.248418337,-0.085288143,0
-2.341650729,0.353165173,-0.824024793,0
-2.70571881,2.646147113,0.192672984,1
-3.084311585,1.422292051,1.02514624,0
1.723762744,2.857420207,0.980688745,0
-3.373126401,0.323793029,-1.581832472,1
3.423307309,0.621340672,NA,0
-1.491618501,0.467318913,-0.100233228,0
2.110491411,2.052906799,1.651107899,0
2.75077325,0.646268758,0.213443713,1
-2.606346316,1.493655312,0.115640367,0
0.881480024,3.134718785,0.184811319,1
-2.699847146,0.521397516,-0.684531494,0
0.625009881,0.493970568,NA,0
-0.275471045,0.564973051,NA,0
-2.250189401,1.646128187,0.516411251,1
1.842155697,-0.007509255,0.071054322,0
1.514054239,2.538536469,1.520589649,1
3.386027343,3.063392249,NA,1
-3.37804836,2.859687147,-0.516847973,1
-3.330921654,0.102111576,-0.319238728,0
3.750619803,3.461113862,0.335459426,1
-0.620817789,-0.879602862,NA,0
0.549751929,1.807132193,0.019320051,1
1.008698788,1.693766987,-0.278914325,1
-0.47628547,2.291193289,0.175075515,1
2.145504391,0.883130354,-0.632898554,1
2.578097085,3.134550325,0.312763524,0
-2.127784153,0.306118828,-0.706012452,1
0.987719769,2.183734944,-1.126393443,1
-0.061087345,-0.663100792,-1.645346077,0
-1.001101077,0.538333992,NA,0
2.872364133,2.567667487,NA,1
1.936301209,6.880867793,4.08020824,1
2.113404533,1.002818307,-0.007999953,0
0.142438771,3.063971893,0.053254637,1
-0.344458054,0.193999644,-0.502450601,0
-2.042429003,-1.02302012,-1.139435484,0
0.49352027,2.300466002,-0.499539155,1
2.52723005,1.691183668,NA,1
-1.340066606,0.899426082,0.374358954,0
-0.170730427,4.009600337,1.133317692,1
3.287075057,1.532162532,0.765829325,0
1.328600635,3.098583723,NA,1
0.64708046,1.806629737,1.729755774,1
2.579867445,4.765434093,NA,1
-0.077393789,3.439537831,0.949468224,1
-0.202867147,4.471623896,1.039614664,1
2.865798195,5.178930827,1.496027971,1
2.724880317,1.73570072,0.867538017,0
3.267134785,5.261743808,2.767221501,1
3.620272896,1.855771069,1.453055209,1
-0.701019501,1.332472638,-1.105387849,0
-1.081803172,3.248023821,1.252599529,1
-1.614442288,1.334264301,-0.293163873,1
-1.039429526,0.621816917,-0.14688704,0
0.715205964,2.677073914,0.920792481,1
-5.93176886,0.982363514,NA,0
0.426004798,-0.3395478,-0.778644709,0
1.073294805,0.814082667,-0.191507848,0
